SubjectName,TrialOrder,TrialNumber,DiscreteDistance,ContinuousDistance,FrechetLearn,FrechetShortcut,FrechetReversed,FrechetTopo,LearnDistance,ShortcutDistance,TopoDistance,Failure
401,1,19,11.78,9.05,0,3.65,5.26,3.65,11.78,7.12,7.12,False
401,2,22,9.87,8.43,4.0,2.88,5.26,4.20,10.70,7.42,9.26,False
401,3,20,14.14,11.98,2.98,5.00,4.89,2.98,10.03,6.74,8.18,False
401,4,14,6.51,4.89,4.09,0.84,4.30,1.91,12.46,4.82,4.96,False
401,5,7,18.14,15.99,2.88,2.65,6.85,2.88,12.42,8.46,13.12,False
401,6,23,10.14,8.81,2.26,2.57,6.24,2.57,11.94,8.64,8.64,False
401,7,21,14.75,12.72,4.0,2.88,5.90,5.00,11.63,8.34,8.34,False
401,8,24,13.04,11.69,2.26,3.24,4.37,3.24,9.03,5.74,5.74,False
401,9,18,5.62,5.17,2.11,0.00,4.73,2.25,9.83,5.62,13.40,False
401,10,10,11.49,10.35,4.76,2.65,5.46,3.39,13.04,7.54,13.36,False
401,11,1,13.38,10.53,2.88,2.26,6.73,2.27,14.18,9.52,11.97,False
401,12,15,20.22,16.04,4.0,3.87,4.27,3.87,8.14,4.85,9.28,False
401,13,4,5.74,5.37,2.52,0.00,4.00,0.92,9.03,5.74,7.59,False
401,14,6,9.87,7.41,0,3.65,5.48,3.10,9.87,9.02,15.50,False
401,15,3,11.85,9.01,0,2.88,6.89,4.00,11.84,9.40,15.08,False
401,16,13,6.62,5.31,2.11,0.00,5.03,2.11,8.82,6.62,8.82,False
401,17,11,8.08,5.26,1.98,0.80,5.63,2.27,10.43,6.47,8.45,False
401,18,9,18.34,12.41,4.12,4.12,5.03,4.02,8.46,6.60,14.26,False
401,19,5,8.41,7.86,0,2.19,3.93,2.19,8.41,4.20,4.20,False
401,20,16,15.91,14.42,4.76,3.87,4.30,3.87,10.47,4.97,4.97,False
401,21,12,7.48,6.95,1.98,1.98,4.40,1.98,7.48,5.13,6.97,False
401,22,8,7.84,5.92,0,2.11,4.73,2.11,7.83,5.62,7.84,False
401,23,17,8.52,7.11,2.57,1.76,6.04,2.12,13.65,8.51,12.20,False
401,24,2,5.88,4.05,3.24,1.76,4.16,0.00,11.02,5.88,5.88,False
402,1,19,7.11,5.39,3.65,0.00,5.04,0.00,11.78,7.12,7.12,False
402,2,22,7.42,6.38,2.47,0.00,5.26,2.52,10.70,7.42,9.26,False
402,3,20,6.74,5.88,2.52,0.00,4.89,2.57,10.03,6.74,8.18,False
402,4,14,29.60,25.03,4.02,4.30,4.30,3.65,12.46,4.82,4.96,True
402,5,7,8.46,6.94,1.98,1.91,6.27,1.65,12.42,8.46,13.12,False
402,6,23,14.45,12.10,3.65,5.00,6.24,5.00,11.94,8.64,8.64,False
402,7,21,8.34,7.07,2.25,1.91,5.90,2.11,11.63,8.34,8.34,False
402,8,24,5.74,4.58,2.52,0.00,4.37,0.00,9.03,5.74,5.74,False
402,9,18,5.62,4.80,2.11,0.00,4.73,2.25,9.83,5.62,13.40,False
402,10,10,7.54,6.04,2.67,0.00,5.46,2.52,13.04,7.54,13.36,False
402,11,1,11.37,9.73,4.2,2.12,6.73,2.27,14.18,9.52,11.97,False
402,12,15,23.73,21.22,3.87,3.87,3.87,3.87,8.14,4.85,9.28,True
402,13,4,9.03,7.52,2.19,2.57,3.89,2.57,9.03,5.74,7.59,False
402,14,6,29.59,23.58,4.73,3.39,5.48,3.39,9.87,9.02,15.50,True
402,15,3,11.85,9.95,1.76,2.88,6.89,3.20,11.84,9.40,15.08,False
402,16,13,6.62,5.71,2.11,0.00,5.03,2.11,8.82,6.62,8.82,False
402,17,11,6.47,5.94,1.98,0.00,5.63,1.91,10.43,6.47,8.45,False
402,18,9,6.61,6.28,2.19,0.00,5.03,2.19,8.46,6.60,14.26,False
402,19,5,4.21,4.00,2.19,0.00,3.49,0.00,8.41,4.20,4.20,False
402,20,16,10.77,9.85,4.76,3.39,4.30,3.39,10.47,4.97,4.97,False
402,21,12,5.13,4.47,1.98,0.00,4.40,0.92,7.48,5.13,6.97,False
402,22,8,7.84,5.94,0,2.11,4.73,2.11,7.83,5.62,7.84,False
402,23,17,10.97,8.22,4.0,2.27,6.04,2.27,13.65,8.51,12.20,False
402,24,2,5.88,4.67,3.24,1.76,4.16,0.00,11.02,5.88,5.88,False
403,1,19,8.77,7.00,3.01,0.82,5.04,0.82,11.78,7.12,7.12,False
403,2,22,7.42,5.18,2.47,0.00,5.26,2.52,10.70,7.42,9.26,False
403,3,20,6.74,5.05,2.52,0.00,4.89,2.57,10.03,6.74,8.18,False
403,4,14,4.82,3.75,4.02,0.00,4.30,1.91,12.46,4.82,4.96,False
403,5,7,8.46,7.38,3.89,1.91,6.27,1.91,12.42,8.46,13.12,False
403,6,23,10.14,7.92,2.26,2.57,6.24,2.57,11.94,8.64,8.64,False
403,7,21,8.34,6.64,2.25,1.91,5.90,2.11,11.63,8.34,8.34,False
403,8,24,9.08,7.00,2.26,2.52,4.37,2.52,9.03,5.74,5.74,False
403,9,18,5.62,4.32,2.11,0.00,4.73,2.25,9.83,5.62,13.40,False
403,10,10,7.54,5.71,2.67,0.00,5.46,2.52,13.04,7.54,13.36,False
403,11,1,9.52,6.90,3.65,0.00,6.73,2.27,14.18,9.52,11.97,False
403,12,15,4.85,3.55,2.47,0.00,3.56,2.37,8.14,4.85,9.28,False
403,13,4,9.03,6.86,0,2.52,4.00,2.52,9.03,5.74,7.59,False
403,14,6,9.87,7.06,2.11,2.27,5.48,1.29,9.87,9.02,15.50,False
403,15,3,9.40,8.16,2.88,0.00,6.89,2.57,11.84,9.40,15.08,True
403,16,13,8.46,6.99,3.65,1.91,5.46,3.65,8.82,6.62,8.82,False
403,17,11,6.47,5.49,1.98,0.00,5.63,1.91,10.43,6.47,8.45,False
403,18,9,6.61,4.78,2.19,1.76,5.03,2.19,8.46,6.60,14.26,False
403,19,5,4.21,3.90,2.19,0.00,3.49,0.00,8.41,4.20,4.20,False
403,20,16,4.97,3.26,2.67,0.00,3.58,0.00,10.47,4.97,4.97,False
403,21,12,5.13,4.45,1.98,0.00,4.40,0.92,7.48,5.13,6.97,False
403,22,8,5.63,3.94,2.11,0.00,4.73,2.11,7.83,5.62,7.84,False
403,23,17,8.52,7.19,2.57,1.76,6.04,2.12,13.65,8.51,12.20,False
403,24,2,10.31,7.38,3.89,3.14,4.16,2.27,11.02,5.88,5.88,False
404,1,19,9.57,7.66,2.11,2.27,5.26,2.27,11.78,7.12,7.12,False
404,2,22,7.42,5.42,2.47,0.00,5.26,2.52,10.70,7.42,9.26,False
404,3,20,6.74,5.77,2.52,0.00,4.89,2.57,10.03,6.74,8.18,False
404,4,14,4.96,4.23,2.67,1.91,3.25,0.00,12.46,4.82,4.96,False
404,5,7,8.46,6.90,3.89,1.91,6.27,1.91,12.42,8.46,13.12,False
404,6,23,10.14,8.47,2.26,2.57,6.24,2.57,11.94,8.64,8.64,False
404,7,21,8.34,6.59,2.47,0.00,5.90,2.52,11.63,8.34,8.34,False
404,8,24,5.74,4.78,2.52,0.00,4.37,0.00,9.03,5.74,5.74,False
404,9,18,9.30,8.37,4.02,2.12,5.08,2.25,9.83,5.62,13.40,False
404,10,10,11.59,9.83,2.52,2.67,6.12,2.67,13.04,7.54,13.36,False
404,11,1,11.36,10.11,5.0,3.24,6.73,4.00,14.18,9.52,11.97,False
404,12,15,4.85,3.07,2.47,0.00,3.56,2.37,8.14,4.85,9.28,False
404,13,4,5.74,5.45,2.52,0.00,4.00,0.92,9.03,5.74,7.59,False
404,14,6,12.22,7.92,1.18,3.65,5.48,3.10,9.87,9.02,15.50,False
404,15,3,11.24,8.44,2.88,2.19,7.39,1.91,11.84,9.40,15.08,False
404,16,13,8.83,7.73,2.11,2.11,5.03,2.11,8.82,6.62,8.82,False
404,17,11,6.47,5.03,1.98,0.00,5.63,1.91,10.43,6.47,8.45,False
404,18,9,6.61,5.08,2.19,0.00,5.03,2.19,8.46,6.60,14.26,False
404,19,5,8.41,7.74,0,2.19,3.93,2.19,8.41,4.20,4.20,False
404,20,16,4.97,3.81,2.67,0.00,3.58,0.00,10.47,4.97,4.97,False
404,21,12,11.40,9.02,3.89,2.27,4.90,2.27,7.48,5.13,6.97,False
404,22,8,5.63,4.28,2.11,0.00,4.73,2.11,7.83,5.62,7.84,False
404,23,17,8.52,7.09,2.57,1.76,6.04,2.12,13.65,8.51,12.20,False
404,24,2,36.69,31.57,4.3,4.30,4.30,4.30,11.02,5.88,5.88,False
405,1,19,7.11,4.87,3.65,0.00,5.04,0.00,11.78,7.12,7.12,False
405,2,22,7.42,5.97,2.47,0.00,5.26,2.52,10.70,7.42,9.26,False
405,3,20,11.68,9.72,2.19,2.57,4.89,2.12,10.03,6.74,8.18,False
405,4,14,4.82,4.13,4.02,0.00,4.30,1.91,12.46,4.82,4.96,False
405,5,7,8.46,6.21,2.65,0.00,6.27,1.91,12.42,8.46,13.12,False
405,6,23,8.64,7.73,2.52,0.00,6.05,0.00,11.94,8.64,8.64,False
405,7,21,8.34,6.53,2.47,0.00,5.90,2.52,11.63,8.34,8.34,False
405,8,24,5.74,4.69,2.52,0.00,4.37,0.00,9.03,5.74,5.74,False
405,9,18,5.62,4.93,2.11,0.00,4.73,2.25,9.83,5.62,13.40,False
405,10,10,7.54,6.55,4.02,1.91,5.46,2.91,13.04,7.54,13.36,False
405,11,1,9.52,7.21,3.65,0.00,6.73,2.27,14.18,9.52,11.97,False
405,12,15,4.85,3.02,2.47,0.00,3.56,2.37,8.14,4.85,9.28,False
405,13,4,5.74,5.43,2.52,0.00,4.00,0.92,9.03,5.74,7.59,False
405,14,6,11.37,7.92,3.65,1.18,5.48,3.14,9.87,9.02,15.50,False
405,15,3,11.04,7.93,2.88,0.82,6.89,2.57,11.84,9.40,15.08,False
405,16,13,6.62,6.26,2.11,0.00,5.03,2.11,8.82,6.62,8.82,False
405,17,11,6.47,5.66,1.98,0.00,5.63,1.91,10.43,6.47,8.45,False
405,18,9,6.61,4.98,2.19,1.76,5.03,2.19,8.46,6.60,14.26,False
405,19,5,8.03,6.94,3.23,1.91,3.49,1.91,8.41,4.20,4.20,False
405,20,16,4.97,4.38,2.67,0.00,3.58,0.00,10.47,4.97,4.97,False
405,21,12,5.13,4.57,1.98,0.00,4.40,0.92,7.48,5.13,6.97,False
405,22,8,7.84,5.90,0,2.11,4.73,2.11,7.83,5.62,7.84,False
405,23,17,8.51,6.35,3.24,0.00,6.04,2.12,13.65,8.51,12.20,False
405,24,2,5.88,4.45,3.24,1.76,4.16,0.00,11.02,5.88,5.88,False
406,1,19,13.78,10.62,2.11,3.65,5.26,3.65,11.78,7.12,7.12,False
406,2,22,7.42,5.71,2.47,0.00,5.26,2.52,10.70,7.42,9.26,False
406,3,20,6.74,5.49,2.52,0.00,4.89,2.57,10.03,6.74,8.18,False
406,4,14,9.17,7.82,2.47,3.20,2.98,2.11,12.46,4.82,4.96,False
406,5,7,8.46,7.54,3.89,1.91,6.27,1.91,12.42,8.46,13.12,False
406,6,23,14.45,11.83,3.65,5.00,6.24,5.00,11.94,8.64,8.64,False
406,7,21,8.34,5.99,2.47,0.00,5.90,2.52,11.63,8.34,8.34,False
406,8,24,5.74,4.58,2.52,0.00,4.37,0.00,9.03,5.74,5.74,False
406,9,18,5.62,5.46,2.11,0.00,4.73,2.25,9.83,5.62,13.40,False
406,10,10,9.75,7.25,2.47,2.11,5.46,2.52,13.04,7.54,13.36,False
406,11,1,9.52,6.80,3.65,0.00,6.73,2.27,14.18,9.52,11.97,False
406,12,15,4.85,3.31,2.47,0.00,3.56,2.37,8.14,4.85,9.28,False
406,13,4,5.74,5.09,2.52,0.00,4.00,0.92,9.03,5.74,7.59,False
406,14,6,9.87,7.48,0,3.65,5.48,3.10,9.87,9.02,15.50,False
406,15,3,11.85,9.30,0,2.88,6.89,4.00,11.84,9.40,15.08,False
406,16,13,6.62,5.46,2.11,0.00,5.03,2.11,8.82,6.62,8.82,False
406,17,11,12.66,10.70,5.26,4.02,6.26,2.67,10.43,6.47,8.45,False
406,18,9,6.61,5.26,2.19,0.00,5.03,2.19,8.46,6.60,14.26,False
406,19,5,4.21,3.90,2.19,0.00,3.49,0.00,8.41,4.20,4.20,False
406,20,16,7.18,5.52,2.47,2.11,3.65,2.11,10.47,4.97,4.97,False
406,21,12,7.48,6.68,0,1.98,4.40,2.65,7.48,5.13,6.97,False
406,22,8,5.63,4.30,2.11,0.00,4.73,2.11,7.83,5.62,7.84,False
406,23,17,8.52,7.24,2.57,1.76,6.04,2.12,13.65,8.51,12.20,False
406,24,2,11.15,9.75,3.24,1.92,4.16,1.92,11.02,5.88,5.88,False
407,1,19,7.11,5.31,3.65,0.00,5.04,0.00,11.78,7.12,7.12,False
407,2,22,7.42,5.81,2.47,0.00,5.26,2.52,10.70,7.42,9.26,False
407,3,20,6.74,5.96,2.52,0.00,4.89,2.57,10.03,6.74,8.18,False
407,4,14,12.46,9.73,2.11,3.51,3.65,2.67,12.46,4.82,4.96,False
407,5,7,8.46,7.45,3.89,1.91,6.27,1.91,12.42,8.46,13.12,False
407,6,23,8.64,7.84,2.52,0.00,6.05,0.00,11.94,8.64,8.64,False
407,7,21,8.34,6.72,2.25,1.91,5.90,2.11,11.63,8.34,8.34,False
407,8,24,5.74,4.33,2.52,0.00,4.37,0.00,9.03,5.74,5.74,False
407,9,18,5.62,4.37,2.11,0.00,4.73,2.25,9.83,5.62,13.40,False
407,10,10,13.34,11.59,4.76,2.65,6.12,3.87,13.04,7.54,13.36,False
407,11,1,9.52,6.72,3.65,0.00,6.73,2.27,14.18,9.52,11.97,False
407,12,15,4.85,3.31,2.47,0.00,3.56,2.37,8.14,4.85,9.28,False
407,13,4,5.74,5.58,2.52,0.00,4.00,0.92,9.03,5.74,7.59,False
407,14,6,9.02,7.35,3.65,0.00,5.48,3.14,9.87,9.02,15.50,False
407,15,3,11.85,9.00,0,2.88,6.89,4.00,11.84,9.40,15.08,False
407,16,13,8.83,6.23,2.11,2.11,5.03,2.11,8.82,6.62,8.82,False
407,17,11,6.47,6.01,1.98,0.00,5.63,1.91,10.43,6.47,8.45,False
407,18,9,6.61,5.28,2.19,0.00,5.03,2.19,8.46,6.60,14.26,False
407,19,5,6.66,5.01,2.19,1.23,4.48,1.23,8.41,4.20,4.20,False
407,20,16,7.18,5.34,2.47,2.11,3.65,2.11,10.47,4.97,4.97,False
407,21,12,11.40,8.70,3.89,2.27,4.90,2.27,7.48,5.13,6.97,False
407,22,8,5.63,5.04,2.11,0.00,4.73,2.11,7.83,5.62,7.84,False
407,23,17,8.52,7.48,2.57,1.76,6.04,2.12,13.65,8.51,12.20,False
407,24,2,5.88,3.91,3.24,1.76,4.16,0.00,11.02,5.88,5.88,False
408,1,19,9.57,6.48,2.11,2.27,5.26,2.27,11.78,7.12,7.12,False
408,2,22,7.42,5.36,2.47,0.00,5.26,2.52,10.70,7.42,9.26,False
408,3,20,6.74,5.32,2.52,0.00,4.89,2.57,10.03,6.74,8.18,False
408,4,14,4.96,3.01,2.67,1.91,3.25,0.00,12.46,4.82,4.96,False
408,5,7,8.46,6.97,3.89,1.91,6.27,1.91,12.42,8.46,13.12,False
408,6,23,8.64,6.87,2.52,0.00,6.05,0.00,11.94,8.64,8.64,False
408,7,21,8.34,7.14,2.25,1.91,5.90,2.11,11.63,8.34,8.34,False
408,8,24,5.74,3.99,2.52,0.00,4.37,0.00,9.03,5.74,5.74,False
408,9,18,5.62,4.70,2.11,0.00,4.73,2.25,9.83,5.62,13.40,False
408,10,10,7.54,6.65,4.02,1.91,5.46,2.91,13.04,7.54,13.36,False
408,11,1,9.52,6.31,3.65,0.00,6.73,2.27,14.18,9.52,11.97,False
408,12,15,4.85,3.30,2.47,0.00,3.56,2.37,8.14,4.85,9.28,False
408,13,4,7.18,5.58,2.19,2.57,4.00,2.57,9.03,5.74,7.59,False
408,14,6,9.07,6.94,2.88,2.26,5.48,2.88,9.87,9.02,15.50,False
408,15,3,9.40,6.76,2.88,0.00,6.89,2.57,11.84,9.40,15.08,False
408,16,13,6.62,4.61,2.11,0.00,5.03,2.11,8.82,6.62,8.82,False
408,17,11,6.47,5.55,1.98,0.00,5.63,1.91,10.43,6.47,8.45,False
408,18,9,6.61,4.33,2.19,1.76,5.03,2.19,8.46,6.60,14.26,False
408,19,5,4.21,3.31,2.19,0.00,3.49,0.00,8.41,4.20,4.20,False
408,20,16,4.97,3.51,2.67,0.00,3.58,0.00,10.47,4.97,4.97,False
408,21,12,5.13,4.47,1.98,0.00,4.40,0.92,7.48,5.13,6.97,False
408,22,8,5.63,4.39,2.11,0.00,4.73,2.11,7.83,5.62,7.84,False
408,23,17,8.51,5.25,3.24,0.00,6.04,2.12,13.65,8.51,12.20,False
408,24,2,5.88,4.64,3.24,1.76,4.16,0.00,11.02,5.88,5.88,False
409,1,19,9.57,7.64,2.11,2.27,5.26,2.27,11.78,7.12,7.12,False
409,2,22,7.42,5.86,2.47,0.00,5.26,2.52,10.70,7.42,9.26,False
409,3,20,6.74,6.07,2.52,0.00,4.89,2.57,10.03,6.74,8.18,False
409,4,14,4.82,3.71,4.02,0.00,4.30,1.91,12.46,4.82,4.96,False
409,5,7,10.67,8.71,5.0,2.67,6.85,4.02,12.42,8.46,13.12,False
409,6,23,8.64,7.48,2.52,0.00,6.05,0.00,11.94,8.64,8.64,False
409,7,21,8.34,6.28,2.47,0.00,5.90,2.52,11.63,8.34,8.34,False
409,8,24,27.03,22.54,4.27,5.17,4.37,5.17,9.03,5.74,5.74,True
409,9,18,5.62,5.20,2.11,0.00,4.73,2.25,9.83,5.62,13.40,False
409,10,10,7.54,6.41,4.02,1.91,5.46,2.91,13.04,7.54,13.36,False
409,11,1,11.36,10.13,5.0,3.24,6.73,4.00,14.18,9.52,11.97,False
409,12,15,14.16,12.10,3.39,3.39,3.56,3.39,8.14,4.85,9.28,False
409,13,4,14.39,10.88,2.65,3.40,4.00,3.40,9.03,5.74,7.59,False
409,14,6,9.07,8.25,2.88,2.26,5.48,2.88,9.87,9.02,15.50,False
409,15,3,11.25,9.89,5.0,2.57,7.39,2.47,11.84,9.40,15.08,False
409,16,13,14.27,11.35,5.0,3.89,5.64,5.00,8.82,6.62,8.82,False
409,17,11,25.13,20.55,5.26,4.12,5.87,3.32,10.43,6.47,8.45,True
409,18,9,8.45,9.41,2.57,0.92,5.03,2.19,8.46,6.60,14.26,True
409,19,5,12.33,10.36,3.89,2.27,4.90,2.27,8.41,4.20,4.20,False
409,20,16,15.91,13.68,4.34,3.87,4.30,3.87,10.47,4.97,4.97,False
409,21,12,7.48,6.26,1.98,1.98,4.40,1.98,7.48,5.13,6.97,False
409,22,8,5.63,4.62,2.11,0.00,4.73,2.11,7.83,5.62,7.84,False
409,23,17,8.51,6.32,3.24,0.00,6.04,2.12,13.65,8.51,12.20,False
409,24,2,5.88,4.61,3.24,1.76,4.16,0.00,11.02,5.88,5.88,False
410,1,19,9.47,8.54,3.65,1.98,5.90,1.98,11.78,7.12,7.12,False
410,2,22,7.42,5.81,2.47,0.00,5.26,2.52,10.70,7.42,9.26,False
410,3,20,8.18,6.97,2.19,2.57,4.89,0.00,10.03,6.74,8.18,False
410,4,14,8.41,6.33,4.2,0.99,4.30,2.27,12.46,4.82,4.96,False
410,5,7,8.46,7.91,1.98,1.91,6.27,1.65,12.42,8.46,13.12,False
410,6,23,10.14,8.90,2.26,2.57,6.24,2.57,11.94,8.64,8.64,False
410,7,21,19.87,16.18,2.67,2.65,5.90,4.76,11.63,8.34,8.34,False
410,8,24,13.04,11.94,2.26,3.24,4.37,3.24,9.03,5.74,5.74,False
410,9,18,16.56,14.84,4.22,4.22,5.00,3.87,9.83,5.62,13.40,True
410,10,10,11.39,9.16,2.47,2.26,5.46,2.52,13.04,7.54,13.36,False
410,11,1,9.52,8.05,3.65,1.76,6.73,2.98,14.18,9.52,11.97,False
410,12,15,9.30,5.98,2.67,2.16,3.65,1.00,8.14,4.85,9.28,False
410,13,4,5.74,5.88,2.52,0.00,4.00,0.92,9.03,5.74,7.59,False
410,14,6,13.22,9.92,4.37,2.12,5.48,3.16,9.87,9.02,15.50,False
410,15,3,11.85,9.15,1.76,2.88,6.89,3.20,11.84,9.40,15.08,False
410,16,13,8.83,7.03,2.11,2.11,5.03,2.11,8.82,6.62,8.82,False
410,17,11,10.43,8.25,0,1.98,5.63,2.65,10.43,6.47,8.45,False
410,18,9,6.61,7.24,2.19,0.00,5.03,2.19,8.46,6.60,14.26,False
410,19,5,6.56,5.26,2.19,1.18,3.93,1.18,8.41,4.20,4.20,False
410,20,16,8.83,6.53,2.47,2.26,3.65,2.26,10.47,4.97,4.97,False
410,21,12,7.48,7.14,0,1.98,4.40,2.65,7.48,5.13,6.97,False
410,22,8,9.82,13.45,2.47,2.11,4.73,0.99,7.83,5.62,7.84,True
410,23,17,10.36,9.39,2.52,3.24,6.04,2.90,13.65,8.51,12.20,False
410,24,2,5.88,4.48,3.24,1.76,4.16,0.00,11.02,5.88,5.88,False
411,1,19,11.78,9.57,0,3.65,5.26,3.65,11.78,7.12,7.12,False
411,2,22,7.42,6.54,2.47,0.00,5.26,2.52,10.70,7.42,9.26,False
411,3,20,8.18,7.56,2.19,2.57,4.89,0.00,10.03,6.74,8.18,False
411,4,14,4.96,4.19,2.67,1.91,3.25,0.00,12.46,4.82,4.96,False
411,5,7,15.76,15.05,2.59,2.15,6.27,2.15,12.42,8.46,13.12,False
411,6,23,13.64,11.05,2.65,3.40,6.24,3.40,11.94,8.64,8.64,False
411,7,21,14.75,12.60,4.0,2.88,5.90,4.34,11.63,8.34,8.34,False
411,8,24,14.69,13.54,2.26,3.93,4.37,3.93,9.03,5.74,5.74,False
411,9,18,5.62,4.96,2.11,0.00,4.73,2.25,9.83,5.62,13.40,False
411,10,10,11.49,9.68,4.76,2.65,5.46,3.39,13.04,7.54,13.36,False
411,11,1,11.37,8.34,5.0,2.12,6.73,3.54,14.18,9.52,11.97,False
411,12,15,4.85,3.68,2.47,0.00,3.56,2.37,8.14,4.85,9.28,False
411,13,4,10.88,10.16,2.12,2.52,4.00,1.64,9.03,5.74,7.59,False
411,14,6,9.07,7.99,2.88,2.26,5.48,2.88,9.87,9.02,15.50,False
411,15,3,11.25,9.95,5.0,2.57,7.39,2.47,11.84,9.40,15.08,False
411,16,13,6.62,5.35,2.11,0.00,5.03,2.11,8.82,6.62,8.82,False
411,17,11,12.66,11.37,5.26,4.02,6.26,2.67,10.43,6.47,8.45,False
411,18,9,6.61,5.87,2.19,0.00,5.03,2.19,8.46,6.60,14.26,False
411,19,5,6.55,5.23,2.19,1.98,3.93,1.98,8.41,4.20,4.20,False
411,20,16,10.77,8.05,4.76,3.39,4.30,3.39,10.47,4.97,4.97,False
411,21,12,5.13,4.25,1.98,0.00,4.40,0.92,7.48,5.13,6.97,False
411,22,8,5.63,4.88,2.11,0.00,4.73,2.11,7.83,5.62,7.84,False
411,23,17,8.52,7.32,2.57,1.76,6.04,2.12,13.65,8.51,12.20,False
411,24,2,5.88,7.06,3.24,1.76,4.16,0.00,11.02,5.88,5.88,False
412,1,19,11.78,9.10,0,3.65,5.26,3.65,11.78,7.12,7.12,False
412,2,22,9.27,7.72,2.25,2.12,5.26,2.11,10.70,7.42,9.26,False
412,3,20,6.74,6.55,2.52,0.00,4.89,2.57,10.03,6.74,8.18,False
412,4,14,4.96,3.58,2.67,1.91,3.25,0.00,12.46,4.82,4.96,False
412,5,7,8.46,6.62,3.89,1.91,6.27,1.91,12.42,8.46,13.12,False
412,6,23,8.64,7.40,2.52,0.00,6.05,0.00,11.94,8.64,8.64,False
412,7,21,8.34,6.87,2.52,2.52,5.90,0.00,11.63,8.34,8.34,False
412,8,24,5.74,4.32,2.52,0.00,4.37,0.00,9.03,5.74,5.74,False
412,9,18,5.62,5.79,2.11,0.00,4.73,2.25,9.83,5.62,13.40,False
412,10,10,7.54,6.77,4.02,1.91,5.46,2.91,13.04,7.54,13.36,False
412,11,1,16.91,12.95,2.88,2.26,6.73,2.27,14.18,9.52,11.97,False
412,12,15,13.10,8.53,4.0,3.39,4.27,3.15,8.14,4.85,9.28,False
412,13,4,5.74,4.84,2.52,0.00,4.00,0.92,9.03,5.74,7.59,False
412,14,6,9.87,7.42,0,3.65,5.48,3.10,9.87,9.02,15.50,False
412,15,3,11.85,8.65,0,2.88,6.89,4.00,11.84,9.40,15.08,False
412,16,13,6.62,5.47,2.11,0.00,5.03,2.11,8.82,6.62,8.82,False
412,17,11,6.47,5.48,1.98,0.00,5.63,1.91,10.43,6.47,8.45,False
412,18,9,6.61,5.33,2.19,0.00,5.03,2.19,8.46,6.60,14.26,False
412,19,5,8.41,7.99,0,2.19,3.93,2.19,8.41,4.20,4.20,False
412,20,16,6.81,6.13,4.02,1.91,4.30,1.91,10.47,4.97,4.97,False
412,21,12,6.97,5.84,1.98,0.92,4.66,0.92,7.48,5.13,6.97,False
412,22,8,5.63,4.44,2.11,0.00,4.73,2.11,7.83,5.62,7.84,False
412,23,17,10.36,5.96,3.24,0.92,6.04,1.91,13.65,8.51,12.20,False
412,24,2,5.88,4.89,3.24,1.76,4.16,0.00,11.02,5.88,5.88,False
413,1,19,7.11,4.90,3.65,0.00,5.04,0.00,11.78,7.12,7.12,False
413,2,22,7.42,6.14,2.47,0.00,5.26,2.52,10.70,7.42,9.26,False
413,3,20,15.75,12.58,2.74,3.58,4.98,2.74,10.03,6.74,8.18,False
413,4,14,6.65,4.31,2.25,1.91,3.65,0.84,12.46,4.82,4.96,False
413,5,7,8.46,7.93,2.65,0.00,6.27,1.91,12.42,8.46,13.12,False
413,6,23,8.64,7.37,2.52,0.00,6.05,0.00,11.94,8.64,8.64,False
413,7,21,8.34,7.28,2.52,2.52,5.90,0.00,11.63,8.34,8.34,False
413,8,24,5.74,4.78,2.52,0.00,4.37,0.00,9.03,5.74,5.74,False
413,9,18,5.62,6.18,2.11,0.00,4.73,2.25,9.83,5.62,13.40,False
413,10,10,9.75,7.67,2.47,2.11,5.46,2.52,13.04,7.54,13.36,False
413,11,1,9.52,6.83,3.65,0.00,6.73,2.27,14.18,9.52,11.97,False
413,12,15,4.85,2.88,2.47,0.00,3.56,2.37,8.14,4.85,9.28,False
413,13,4,5.74,5.17,2.52,0.00,4.00,0.92,9.03,5.74,7.59,False
413,14,6,9.87,7.75,0,3.65,5.48,3.10,9.87,9.02,15.50,False
413,15,3,11.85,8.99,0,2.88,6.89,4.00,11.84,9.40,15.08,False
413,16,13,6.62,5.17,2.11,0.00,5.03,2.11,8.82,6.62,8.82,False
413,17,11,6.47,5.40,1.98,0.00,5.63,1.91,10.43,6.47,8.45,False
413,18,9,6.61,5.06,2.19,0.00,5.03,2.19,8.46,6.60,14.26,False
413,19,5,4.21,3.63,2.19,0.00,3.49,0.00,8.41,4.20,4.20,False
413,20,16,7.18,4.53,2.47,2.11,3.65,2.11,10.47,4.97,4.97,False
413,21,12,5.13,4.19,1.98,0.00,4.40,0.92,7.48,5.13,6.97,False
413,22,8,7.84,6.10,0,2.11,4.73,2.11,7.83,5.62,7.84,False
413,23,17,10.97,8.11,4.0,2.27,6.04,2.27,13.65,8.51,12.20,False
413,24,2,5.88,4.43,3.24,1.76,4.16,0.00,11.02,5.88,5.88,False
414,1,19,9.57,6.54,2.11,2.27,5.26,2.27,11.78,7.12,7.12,False
414,2,22,15.68,12.15,4.0,2.88,5.26,5.00,10.70,7.42,9.26,False
414,3,20,6.74,5.26,2.52,0.00,4.89,2.57,10.03,6.74,8.18,False
414,4,14,32.46,22.84,4.02,4.02,4.27,4.02,12.46,4.82,4.96,True
414,5,7,10.46,6.79,4.0,1.91,6.27,2.88,12.42,8.46,13.12,False
414,6,23,11.94,4.95,0,2.52,6.05,2.52,11.94,8.64,8.64,False
414,7,21,12.65,8.16,2.98,2.88,5.90,4.20,11.63,8.34,8.34,False
414,8,24,7.34,5.01,2.09,0.80,4.37,0.80,9.03,5.74,5.74,False
414,9,18,9.06,6.85,3.65,2.27,5.00,2.27,9.83,5.62,13.40,False
414,10,10,14.72,8.22,0.84,2.67,5.46,2.67,13.04,7.54,13.36,False
414,11,1,18.62,14.89,4.48,3.24,6.73,4.22,14.18,9.52,11.97,False
414,12,15,6.54,5.14,2.25,0.84,3.56,2.37,8.14,4.85,9.28,False
414,13,4,5.74,5.33,2.52,0.00,4.00,0.92,9.03,5.74,7.59,False
414,14,6,10.72,5.34,2.88,2.26,5.48,2.88,9.87,9.02,15.50,False
414,15,3,22.34,16.32,4.31,2.98,7.39,3.89,11.84,9.40,15.08,True
414,16,13,8.46,6.29,3.65,1.91,5.46,3.65,8.82,6.62,8.82,False
414,17,11,6.47,6.16,1.98,0.00,5.63,1.91,10.43,6.47,8.45,False
414,18,9,6.61,4.59,2.19,0.00,5.03,2.19,8.46,6.60,14.26,False
414,19,5,8.41,6.92,0,2.19,3.93,2.19,8.41,4.20,4.20,False
414,20,16,8.66,4.98,2.25,1.00,3.65,1.00,10.47,4.97,4.97,False
414,21,12,7.48,6.57,1.98,1.98,4.40,1.98,7.48,5.13,6.97,False
414,22,8,9.84,5.86,2.11,2.11,4.73,2.11,7.83,5.62,7.84,False
414,23,17,8.51,5.25,3.24,0.00,6.04,2.12,13.65,8.51,12.20,False
414,24,2,9.26,7.44,2.57,0.84,4.16,2.15,11.02,5.88,5.88,False
415,1,19,11.78,8.91,0,3.65,5.26,3.65,11.78,7.12,7.12,False
415,2,22,9.27,7.90,2.52,2.52,5.26,0.00,10.70,7.42,9.26,False
415,3,20,6.74,5.84,2.52,0.00,4.89,2.57,10.03,6.74,8.18,False
415,4,14,6.51,5.82,4.09,0.84,4.30,1.91,12.46,4.82,4.96,False
415,5,7,8.46,7.26,1.98,1.91,6.27,1.65,12.42,8.46,13.12,False
415,6,23,8.64,7.48,2.52,0.00,6.05,0.00,11.94,8.64,8.64,False
415,7,21,8.34,6.79,2.52,2.52,5.90,0.00,11.63,8.34,8.34,False
415,8,24,9.08,7.21,2.26,2.52,4.37,2.52,9.03,5.74,5.74,False
415,9,18,5.62,4.27,2.11,0.00,4.73,2.25,9.83,5.62,13.40,False
415,10,10,9.75,8.45,2.47,2.11,5.46,2.52,13.04,7.54,13.36,False
415,11,1,9.52,7.67,3.65,1.76,6.73,2.98,14.18,9.52,11.97,False
415,12,15,27.94,23.35,3.87,3.87,3.87,3.87,8.14,4.85,9.28,True
415,13,4,9.03,7.72,0,2.52,4.00,2.52,9.03,5.74,7.59,False
415,14,6,9.87,7.55,0,3.65,5.48,3.10,9.87,9.02,15.50,False
415,15,3,19.89,15.80,5.0,2.57,7.39,3.40,11.84,9.40,15.08,False
415,16,13,6.62,5.08,2.11,0.00,5.03,2.11,8.82,6.62,8.82,False
415,17,11,10.43,8.81,0,1.98,5.63,2.65,10.43,6.47,8.45,False
415,18,9,6.61,4.62,2.19,1.76,5.03,2.19,8.46,6.60,14.26,False
415,19,5,4.21,4.14,2.19,0.00,3.49,0.00,8.41,4.20,4.20,False
415,20,16,7.18,5.15,2.47,2.11,3.65,2.11,10.47,4.97,4.97,False
415,21,12,5.13,4.24,1.98,0.00,4.40,0.92,7.48,5.13,6.97,False
415,22,8,7.84,5.63,0,2.11,4.73,2.11,7.83,5.62,7.84,False
415,23,17,8.52,6.97,2.57,1.76,6.04,2.12,13.65,8.51,12.20,False
415,24,2,5.88,5.08,2.57,0.00,4.16,1.76,11.02,5.88,5.88,False
416,1,19,7.11,5.21,3.65,0.00,5.04,0.00,11.78,7.12,7.12,False
416,2,22,7.42,5.50,2.47,0.00,5.26,2.52,10.70,7.42,9.26,False
416,3,20,8.18,7.52,2.19,2.57,4.89,0.00,10.03,6.74,8.18,False
416,4,14,6.51,4.93,4.09,0.84,4.30,1.91,12.46,4.82,4.96,False
416,5,7,8.46,6.72,2.65,0.00,6.27,1.91,12.42,8.46,13.12,False
416,6,23,8.64,7.31,2.52,0.00,6.05,0.00,11.94,8.64,8.64,False
416,7,21,8.34,6.48,2.47,0.00,5.90,2.52,11.63,8.34,8.34,False
416,8,24,5.74,4.49,2.52,0.00,4.37,0.00,9.03,5.74,5.74,False
416,9,18,5.62,4.71,2.11,0.00,4.73,2.25,9.83,5.62,13.40,False
416,10,10,7.54,5.76,2.67,0.00,5.46,2.52,13.04,7.54,13.36,False
416,11,1,9.52,6.67,3.65,0.00,6.73,2.27,14.18,9.52,11.97,False
416,12,15,4.85,5.24,2.47,0.00,3.56,2.37,8.14,4.85,9.28,False
416,13,4,7.18,6.49,2.19,2.57,4.00,2.57,9.03,5.74,7.59,False
416,14,6,9.07,7.69,2.88,2.26,5.48,2.88,9.87,9.02,15.50,False
416,15,3,9.40,7.40,2.88,0.00,6.89,2.57,11.84,9.40,15.08,False
416,16,13,6.62,5.81,2.11,0.00,5.03,2.11,8.82,6.62,8.82,False
416,17,11,10.43,7.80,1.98,1.98,5.63,2.65,10.43,6.47,8.45,False
416,18,9,6.61,5.19,2.19,0.00,5.03,2.19,8.46,6.60,14.26,False
416,19,5,6.66,4.44,2.19,1.23,4.48,1.23,8.41,4.20,4.20,False
416,20,16,4.97,3.97,2.67,0.00,3.58,0.00,10.47,4.97,4.97,False
416,21,12,11.40,9.15,3.89,2.27,4.90,2.27,7.48,5.13,6.97,False
416,22,8,5.63,4.74,2.11,0.00,4.73,2.11,7.83,5.62,7.84,False
416,23,17,8.52,7.59,2.57,1.76,6.04,2.12,13.65,8.51,12.20,False
416,24,2,5.88,6.41,3.24,1.76,4.16,0.00,11.02,5.88,5.88,False
417,1,19,13.78,8.71,2.11,3.14,5.26,3.14,11.78,7.12,7.12,False
417,2,22,17.38,12.89,2.98,2.88,5.26,5.00,10.70,7.42,9.26,False
417,3,20,16.35,14.77,2.98,5.00,4.98,2.98,10.03,6.74,8.18,False
417,4,14,4.96,3.58,2.67,1.91,3.25,0.00,12.46,4.82,4.96,False
417,5,7,8.46,7.67,3.89,1.91,6.27,1.91,12.42,8.46,13.12,False
417,6,23,14.45,12.10,2.98,5.00,6.24,5.00,11.94,8.64,8.64,False
417,7,21,12.30,11.12,2.47,1.98,5.90,3.24,11.63,8.34,8.34,False
417,8,24,5.74,4.77,2.52,0.00,4.37,0.00,9.03,5.74,5.74,False
417,9,18,13.26,12.15,4.34,4.00,5.08,3.87,9.83,5.62,13.40,False
417,10,10,13.34,11.52,4.76,2.65,6.12,3.87,13.04,7.54,13.36,False
417,11,1,11.21,7.78,3.65,0.84,6.73,2.27,14.18,9.52,11.97,False
417,12,15,9.79,8.21,2.26,2.47,3.56,3.33,8.14,4.85,9.28,False
417,13,4,14.75,12.90,2.98,5.00,4.00,5.00,9.03,5.74,7.59,False
417,14,6,17.53,12.78,2.25,3.65,5.55,2.25,9.87,9.02,15.50,False
417,15,3,39.27,34.44,5.26,3.87,7.39,3.87,11.84,9.40,15.08,True
417,16,13,6.62,5.51,2.11,0.00,5.03,2.11,8.82,6.62,8.82,False
417,17,11,10.43,9.36,1.98,1.98,5.63,2.65,10.43,6.47,8.45,False
417,18,9,8.46,7.27,0,2.19,5.03,2.90,8.46,6.60,14.26,False
417,19,5,6.66,5.23,2.19,1.23,4.48,1.23,8.41,4.20,4.20,False
417,20,16,13.93,11.99,4.02,2.57,3.65,2.57,10.47,4.97,4.97,False
417,21,12,7.48,6.97,0,1.98,4.40,2.65,7.48,5.13,6.97,False
417,22,8,5.63,5.05,2.11,0.00,4.73,2.11,7.83,5.62,7.84,False
417,23,17,23.83,20.24,3.65,3.65,6.04,4.30,13.65,8.51,12.20,False
417,24,2,5.88,3.68,3.24,1.76,4.16,0.00,11.02,5.88,5.88,False
418,1,19,11.78,9.68,0,3.65,5.26,3.65,11.78,7.12,7.12,False
418,2,22,7.42,6.02,2.47,0.00,5.26,2.52,10.70,7.42,9.26,False
418,3,20,14.14,12.59,2.98,5.00,4.89,2.98,10.03,6.74,8.18,False
418,4,14,13.92,11.97,5.26,3.24,4.30,3.87,12.46,4.82,4.96,False
418,5,7,12.42,10.93,0,2.65,6.27,1.98,12.42,8.46,13.12,False
418,6,23,14.45,12.15,2.98,5.00,6.24,5.00,11.94,8.64,8.64,False
418,7,21,14.75,12.52,4.0,2.88,5.90,5.00,11.63,8.34,8.34,False
418,8,24,17.35,15.73,3.65,5.00,4.37,5.00,9.03,5.74,5.74,False
418,9,18,13.26,12.09,5.26,4.00,5.17,3.87,9.83,5.62,13.40,False
418,10,10,7.54,6.58,4.02,1.91,5.46,2.91,13.04,7.54,13.36,False
418,11,1,24.89,21.18,4.76,3.24,6.73,4.22,14.18,9.52,11.97,True
418,12,15,6.69,4.75,2.47,0.92,3.56,2.37,8.14,4.85,9.28,False
418,13,4,9.03,7.54,0,2.52,4.00,2.52,9.03,5.74,7.59,False
418,14,6,9.07,7.28,2.88,2.26,5.48,2.88,9.87,9.02,15.50,False
418,15,3,11.85,9.49,0,2.88,6.89,4.00,11.84,9.40,15.08,False
418,16,13,6.62,5.57,2.11,0.00,5.03,2.11,8.82,6.62,8.82,False
418,17,11,10.43,9.14,0,1.98,5.63,2.65,10.43,6.47,8.45,False
418,18,9,8.46,9.24,0,2.19,5.03,2.90,8.46,6.60,14.26,False
418,19,5,4.21,4.16,2.19,0.00,3.49,0.00,8.41,4.20,4.20,False
418,20,16,10.77,9.90,4.76,3.39,4.30,3.39,10.47,4.97,4.97,False
418,21,12,16.45,15.11,4.12,4.02,4.40,3.51,7.48,5.13,6.97,True
418,22,8,5.63,4.73,2.11,0.00,4.73,2.11,7.83,5.62,7.84,False
418,23,17,13.65,11.92,0,3.24,6.04,2.90,13.65,8.51,12.20,False
418,24,2,11.02,9.43,0,2.57,4.16,3.24,11.02,5.88,5.88,False
419,1,19,9.57,6.91,2.11,2.27,5.26,2.27,11.78,7.12,7.12,False
419,2,22,7.42,5.71,2.47,0.00,5.26,2.52,10.70,7.42,9.26,False
419,3,20,6.74,5.79,2.52,0.00,4.89,2.57,10.03,6.74,8.18,False
419,4,14,6.65,4.61,2.25,1.91,3.65,0.84,12.46,4.82,4.96,False
419,5,7,8.46,7.18,3.89,1.91,6.27,1.91,12.42,8.46,13.12,False
419,6,23,8.64,7.39,2.52,0.00,6.05,0.00,11.94,8.64,8.64,False
419,7,21,8.34,6.26,2.47,0.00,5.90,2.52,11.63,8.34,8.34,False
419,8,24,5.74,4.26,2.52,0.00,4.37,0.00,9.03,5.74,5.74,False
419,9,18,9.30,8.42,4.02,2.12,5.08,2.25,9.83,5.62,13.40,False
419,10,10,7.54,6.56,4.02,1.91,5.46,2.91,13.04,7.54,13.36,False
419,11,1,9.52,6.91,3.65,0.00,6.73,2.27,14.18,9.52,11.97,False
419,12,15,4.85,3.42,2.47,0.00,3.56,2.37,8.14,4.85,9.28,False
419,13,4,5.74,5.12,2.52,0.00,4.00,0.92,9.03,5.74,7.59,False
419,14,6,9.07,7.20,2.88,2.26,5.48,2.88,9.87,9.02,15.50,False
419,15,3,11.25,10.03,5.0,2.57,7.39,2.47,11.84,9.40,15.08,False
419,16,13,6.62,5.37,2.11,0.00,5.03,2.11,8.82,6.62,8.82,False
419,17,11,6.47,5.79,1.98,0.00,5.63,1.91,10.43,6.47,8.45,False
419,18,9,6.61,5.08,2.19,0.00,5.03,2.19,8.46,6.60,14.26,False
419,19,5,4.21,3.45,2.19,0.00,3.49,0.00,8.41,4.20,4.20,False
419,20,16,4.97,3.23,2.67,0.00,3.58,0.00,10.47,4.97,4.97,False
419,21,12,5.13,4.57,1.98,0.00,4.40,0.92,7.48,5.13,6.97,False
419,22,8,5.63,4.24,2.11,0.00,4.73,2.11,7.83,5.62,7.84,False
419,23,17,10.20,8.34,2.57,1.76,6.04,2.12,13.65,8.51,12.20,False
419,24,2,5.88,4.66,2.57,0.00,4.16,1.76,11.02,5.88,5.88,False
420,1,19,13.53,10.83,5.0,3.24,5.90,3.24,11.78,7.12,7.12,False
420,2,22,9.03,7.14,2.47,0.80,5.26,2.57,10.70,7.42,9.26,False
420,3,20,16.35,12.70,2.98,5.00,4.98,2.98,10.03,6.74,8.18,False
420,4,14,31.34,27.88,4.27,4.30,3.87,4.30,12.46,4.82,4.96,False
420,5,7,8.46,6.96,3.89,1.91,6.27,1.91,12.42,8.46,13.12,False
420,6,23,8.64,7.60,2.52,0.00,6.05,0.00,11.94,8.64,8.64,False
420,7,21,16.61,13.49,2.98,2.88,5.90,5.00,11.63,8.34,8.34,False
420,8,24,17.35,14.82,3.65,5.00,4.37,5.00,9.03,5.74,5.74,False
420,9,18,30.20,27.89,4.22,4.22,5.17,3.87,9.83,5.62,13.40,False
420,10,10,7.54,6.96,4.02,1.91,5.46,2.91,13.04,7.54,13.36,False
420,11,1,13.38,10.41,2.88,2.26,6.73,2.27,14.18,9.52,11.97,False
420,12,15,13.10,10.51,4.0,3.39,4.27,3.39,8.14,4.85,9.28,False
420,13,4,28.67,25.89,4.27,5.17,4.00,5.17,9.03,5.74,7.59,False
420,14,6,17.42,15.42,2.85,3.65,5.48,3.10,9.87,9.02,15.50,False
420,15,3,11.25,10.00,5.0,2.57,7.39,2.47,11.84,9.40,15.08,False
420,16,13,8.82,7.65,0,2.11,5.03,0.00,8.82,6.62,8.82,False
420,17,11,20.11,17.06,5.26,4.02,5.63,3.51,10.43,6.47,8.45,False
420,18,9,12.88,10.92,3.89,3.54,5.03,2.27,8.46,6.60,14.26,False
420,19,5,12.33,9.73,3.89,2.27,4.90,2.27,8.41,4.20,4.20,False
420,20,16,12.12,10.99,2.26,2.67,3.65,2.67,10.47,4.97,4.97,False
420,21,12,15.61,12.29,4.97,4.20,5.11,4.20,7.48,5.13,6.97,False
420,22,8,7.84,5.96,0,2.11,4.73,2.11,7.83,5.62,7.84,False
420,23,17,10.36,9.51,2.52,3.24,6.04,2.90,13.65,8.51,12.20,False
420,24,2,34.11,27.99,3.87,3.87,4.16,3.87,11.02,5.88,5.88,False
421,1,19,7.11,5.15,3.65,0.00,5.04,0.00,11.78,7.12,7.12,False
421,2,22,7.42,5.47,2.47,0.00,5.26,2.52,10.70,7.42,9.26,False
421,3,20,6.74,5.94,2.52,0.00,4.89,2.57,10.03,6.74,8.18,False
421,4,14,4.82,4.08,4.02,0.00,4.30,1.91,12.46,4.82,4.96,False
421,5,7,10.67,8.19,5.0,2.67,6.85,4.02,12.42,8.46,13.12,False
421,6,23,8.64,6.88,2.52,0.00,6.05,0.00,11.94,8.64,8.64,False
421,7,21,8.34,6.37,2.47,0.00,5.90,2.52,11.63,8.34,8.34,False
421,8,24,5.74,4.54,2.52,0.00,4.37,0.00,9.03,5.74,5.74,False
421,9,18,5.62,4.54,2.11,0.00,4.73,2.25,9.83,5.62,13.40,False
421,10,10,7.54,5.67,2.67,0.00,5.46,2.52,13.04,7.54,13.36,False
421,11,1,9.52,7.24,3.65,0.00,6.73,2.27,14.18,9.52,11.97,False
421,12,15,13.10,8.89,4.0,3.39,4.27,3.15,8.14,4.85,9.28,False
421,13,4,5.74,5.40,2.52,0.00,4.00,0.92,9.03,5.74,7.59,False
421,14,6,9.87,7.61,0,3.65,5.48,3.10,9.87,9.02,15.50,False
421,15,3,11.85,8.89,0,2.88,6.89,4.00,11.84,9.40,15.08,False
421,16,13,8.46,6.33,3.65,1.91,5.46,3.65,8.82,6.62,8.82,False
421,17,11,21.39,18.38,3.2,2.91,5.63,2.91,10.43,6.47,8.45,False
421,18,9,6.61,5.08,2.19,0.00,5.03,2.19,8.46,6.60,14.26,False
421,19,5,4.21,3.10,2.19,0.00,3.49,0.00,8.41,4.20,4.20,False
421,20,16,8.50,5.92,2.67,1.25,4.30,1.25,10.47,4.97,4.97,False
421,21,12,5.13,4.28,1.98,0.00,4.40,0.92,7.48,5.13,6.97,False
421,22,8,5.63,4.07,2.11,0.00,4.73,2.11,7.83,5.62,7.84,False
421,23,17,10.36,6.49,3.24,0.92,6.04,1.91,13.65,8.51,12.20,False
421,24,2,5.88,4.81,3.24,1.76,4.16,0.00,11.02,5.88,5.88,False
422,1,19,9.57,6.92,2.11,2.27,5.26,2.27,11.78,7.12,7.12,False
422,2,22,7.42,5.57,2.47,0.00,5.26,2.52,10.70,7.42,9.26,False
422,3,20,8.18,6.59,2.19,2.57,4.89,0.00,10.03,6.74,8.18,False
422,4,14,4.96,3.34,2.67,1.91,3.25,0.00,12.46,4.82,4.96,False
422,5,7,8.46,6.38,2.65,0.00,6.27,1.91,12.42,8.46,13.12,False
422,6,23,8.64,7.00,2.52,0.00,6.05,0.00,11.94,8.64,8.64,False
422,7,21,8.34,6.36,2.47,0.00,5.90,2.52,11.63,8.34,8.34,False
422,8,24,5.74,4.58,2.52,0.00,4.37,0.00,9.03,5.74,5.74,False
422,9,18,5.62,5.16,2.11,0.00,4.73,2.25,9.83,5.62,13.40,False
422,10,10,7.54,6.34,4.02,1.91,5.46,2.91,13.04,7.54,13.36,False
422,11,1,9.52,6.83,3.65,0.00,6.73,2.27,14.18,9.52,11.97,False
422,12,15,4.85,3.08,2.47,0.00,3.56,2.37,8.14,4.85,9.28,False
422,13,4,5.74,5.40,2.52,0.00,4.00,0.92,9.03,5.74,7.59,False
422,14,6,9.07,7.13,2.88,2.26,5.48,2.88,9.87,9.02,15.50,False
422,15,3,9.40,7.41,2.88,0.00,6.89,2.57,11.84,9.40,15.08,False
422,16,13,6.62,5.37,2.11,0.00,5.03,2.11,8.82,6.62,8.82,False
422,17,11,6.47,5.23,1.98,0.00,5.63,1.91,10.43,6.47,8.45,False
422,18,9,6.61,4.98,2.19,0.00,5.03,2.19,8.46,6.60,14.26,False
422,19,5,4.21,3.57,2.19,0.00,3.49,0.00,8.41,4.20,4.20,False
422,20,16,4.97,3.66,2.67,0.00,3.58,0.00,10.47,4.97,4.97,False
422,21,12,5.13,3.92,1.98,0.00,4.40,0.92,7.48,5.13,6.97,False
422,22,8,5.63,4.86,2.11,0.00,4.73,2.11,7.83,5.62,7.84,False
422,23,17,8.52,7.29,2.57,1.76,6.04,2.12,13.65,8.51,12.20,False
422,24,2,5.88,4.15,3.24,1.76,4.16,0.00,11.02,5.88,5.88,False
423,1,19,9.57,6.43,2.11,2.27,5.26,2.27,11.78,7.12,7.12,False
423,2,22,7.42,6.28,2.47,0.00,5.26,2.52,10.70,7.42,9.26,False
423,3,20,6.74,5.60,2.52,0.00,4.89,2.57,10.03,6.74,8.18,False
423,4,14,12.46,10.54,2.11,3.51,3.65,2.67,12.46,4.82,4.96,False
423,5,7,8.46,6.28,2.65,0.00,6.27,1.91,12.42,8.46,13.12,False
423,6,23,8.64,7.56,2.52,0.00,6.05,0.00,11.94,8.64,8.64,False
423,7,21,8.34,6.55,2.47,0.00,5.90,2.52,11.63,8.34,8.34,False
423,8,24,5.74,5.15,2.52,0.00,4.37,0.00,9.03,5.74,5.74,False
423,9,18,13.26,11.50,5.26,4.00,5.17,3.87,9.83,5.62,13.40,False
423,10,10,7.54,7.26,4.02,1.91,5.46,2.91,13.04,7.54,13.36,False
423,11,1,9.52,7.23,3.65,0.00,6.73,2.27,14.18,9.52,11.97,False
423,12,15,4.85,4.10,2.47,0.00,3.56,2.37,8.14,4.85,9.28,False
423,13,4,5.74,4.93,2.52,0.00,4.00,0.92,9.03,5.74,7.59,False
423,14,6,9.02,7.71,3.65,0.00,5.48,3.14,9.87,9.02,15.50,False
423,15,3,13.70,10.29,1.76,2.88,7.39,3.20,11.84,9.40,15.08,True
423,16,13,6.62,5.54,2.11,0.00,5.03,2.11,8.82,6.62,8.82,False
423,17,11,6.47,5.65,1.98,0.00,5.63,1.91,10.43,6.47,8.45,False
423,18,9,6.61,4.61,2.19,1.76,5.03,2.19,8.46,6.60,14.26,False
423,19,5,8.41,7.92,0,2.19,3.93,2.19,8.41,4.20,4.20,False
423,20,16,6.81,6.14,4.02,1.91,4.30,1.91,10.47,4.97,4.97,False
423,21,12,5.13,4.50,1.98,0.00,4.40,0.92,7.48,5.13,6.97,False
423,22,8,5.63,4.39,2.11,0.00,4.73,2.11,7.83,5.62,7.84,False
423,23,17,8.51,6.40,3.24,0.00,6.04,2.12,13.65,8.51,12.20,False
423,24,2,5.88,4.14,3.24,1.76,4.16,0.00,11.02,5.88,5.88,False
424,1,19,7.11,5.56,3.65,0.00,5.04,0.00,11.78,7.12,7.12,False
424,2,22,9.11,6.76,2.25,0.84,5.26,2.52,10.70,7.42,9.26,False
424,3,20,6.74,5.84,2.52,0.00,4.89,2.57,10.03,6.74,8.18,False
424,4,14,6.65,5.06,2.25,1.91,3.65,0.84,12.46,4.82,4.96,False
424,5,7,8.46,7.13,3.89,1.91,6.27,1.91,12.42,8.46,13.12,False
424,6,23,8.64,7.58,2.52,0.00,6.05,0.00,11.94,8.64,8.64,False
424,7,21,8.34,7.04,2.25,1.91,5.90,2.11,11.63,8.34,8.34,False
424,8,24,5.74,4.98,2.52,0.00,4.37,0.00,9.03,5.74,5.74,False
424,9,18,5.62,4.75,2.11,0.00,4.73,2.25,9.83,5.62,13.40,False
424,10,10,7.54,6.38,2.67,0.00,5.46,2.52,13.04,7.54,13.36,False
424,11,1,9.52,7.75,3.65,0.00,6.73,2.27,14.18,9.52,11.97,False
424,12,15,4.85,4.33,2.47,0.00,3.56,2.37,8.14,4.85,9.28,False
424,13,4,9.03,7.66,0,2.52,4.00,2.52,9.03,5.74,7.59,False
424,14,6,9.02,6.82,3.65,0.00,5.48,3.14,9.87,9.02,15.50,False
424,15,3,9.40,8.23,2.88,0.00,6.89,2.57,11.84,9.40,15.08,False
424,16,13,6.62,5.37,2.11,0.00,5.03,2.11,8.82,6.62,8.82,False
424,17,11,6.47,5.11,1.98,0.00,5.63,1.91,10.43,6.47,8.45,False
424,18,9,6.61,5.67,2.19,0.00,5.03,2.19,8.46,6.60,14.26,False
424,19,5,4.21,3.66,2.19,0.00,3.49,0.00,8.41,4.20,4.20,False
424,20,16,12.47,8.31,2.11,2.11,3.65,2.11,10.47,4.97,4.97,False
424,21,12,7.48,6.05,1.98,1.98,4.40,1.98,7.48,5.13,6.97,False
424,22,8,7.84,6.73,0,2.11,4.73,2.11,7.83,5.62,7.84,False
424,23,17,8.51,5.93,3.24,0.00,6.04,2.12,13.65,8.51,12.20,False
424,24,2,5.88,5.03,3.24,1.76,4.16,0.00,11.02,5.88,5.88,False
425,1,19,25.06,20.65,5.0,4.00,5.26,4.00,11.78,7.12,7.12,False
425,2,22,9.87,8.64,4.0,2.88,5.26,4.20,10.70,7.42,9.26,False
425,3,20,6.74,6.12,2.52,0.00,4.89,2.57,10.03,6.74,8.18,False
425,4,14,13.94,11.80,4.02,2.75,3.65,2.75,12.46,4.82,4.96,False
425,5,7,12.42,10.70,0,2.65,6.27,1.98,12.42,8.46,13.12,False
425,6,23,14.45,12.77,3.65,5.00,6.24,5.00,11.94,8.64,8.64,False
425,7,21,16.61,13.66,3.65,2.88,5.90,5.00,11.63,8.34,8.34,False
425,8,24,17.35,15.51,3.65,5.00,4.37,5.00,9.03,5.74,5.74,False
425,9,18,15.26,11.79,5.26,4.00,5.17,3.87,9.83,5.62,13.40,False
425,10,10,7.54,7.34,4.02,1.91,5.46,2.91,13.04,7.54,13.36,False
425,11,1,11.36,10.36,5.0,3.24,6.73,4.00,14.18,9.52,11.97,False
425,12,15,22.20,19.84,4.0,3.87,4.27,3.87,8.14,4.85,9.28,True
425,13,4,5.74,9.54,2.52,0.00,4.00,0.92,9.03,5.74,7.59,False
425,14,6,22.48,19.90,4.48,3.65,5.48,3.87,9.87,9.02,15.50,False
425,15,3,15.53,13.47,3.04,2.88,7.39,2.88,11.84,9.40,15.08,False
425,16,13,6.62,5.71,2.11,0.00,5.03,2.11,8.82,6.62,8.82,False
425,17,11,8.31,5.72,2.65,0.92,5.63,1.91,10.43,6.47,8.45,False
425,18,9,16.87,15.17,3.24,2.57,5.03,2.90,8.46,6.60,14.26,False
425,19,5,13.94,16.18,3.89,2.27,4.90,2.27,8.41,4.20,4.20,False
425,20,16,10.77,9.28,4.76,3.39,4.30,3.39,10.47,4.97,4.97,False
425,21,12,24.01,23.48,4.9,3.54,4.40,3.14,7.48,5.13,6.97,True
425,22,8,11.30,14.22,4.02,2.12,5.08,2.88,7.83,5.62,7.84,False
425,23,17,10.36,9.56,2.52,3.24,6.04,2.90,13.65,8.51,12.20,False
425,24,2,17.29,14.60,2.9,2.90,4.16,2.75,11.02,5.88,5.88,False
426,1,19,9.57,6.97,2.11,2.27,5.26,2.27,11.78,7.12,7.12,False
426,2,22,23.01,19.09,2.98,2.88,5.26,5.00,10.70,7.42,9.26,False
426,3,20,6.74,5.95,2.52,0.00,4.89,2.57,10.03,6.74,8.18,False
426,4,14,4.96,3.85,2.67,1.91,3.25,0.00,12.46,4.82,4.96,False
426,5,7,12.42,11.14,0,2.65,6.27,1.98,12.42,8.46,13.12,False
426,6,23,14.45,12.16,3.65,5.00,6.24,5.00,11.94,8.64,8.64,False
426,7,21,8.34,6.59,2.52,2.52,5.90,0.00,11.63,8.34,8.34,False
426,8,24,17.35,14.94,2.98,5.00,4.37,5.00,9.03,5.74,5.74,False
426,9,18,7.46,5.50,2.11,0.92,5.08,2.25,9.83,5.62,13.40,False
426,10,10,11.49,9.72,4.76,2.65,5.46,3.39,13.04,7.54,13.36,False
426,11,1,17.69,15.79,2.59,3.65,6.73,2.59,14.18,9.52,11.97,False
426,12,15,8.38,5.45,2.47,1.25,3.56,2.37,8.14,4.85,9.28,False
426,13,4,5.74,5.10,2.52,0.00,4.00,0.92,9.03,5.74,7.59,False
426,14,6,9.87,7.56,2.11,2.27,5.48,1.29,9.87,9.02,15.50,False
426,15,3,22.34,17.43,5.0,2.98,7.39,3.89,11.84,9.40,15.08,True
426,16,13,16.28,14.63,4.16,3.89,5.46,4.16,8.82,6.62,8.82,False
426,17,11,6.47,5.56,1.98,0.00,5.63,1.91,10.43,6.47,8.45,False
426,18,9,8.46,7.61,0,2.19,5.03,2.90,8.46,6.60,14.26,False
426,19,5,6.55,5.94,2.19,1.98,3.93,1.98,8.41,4.20,4.20,False
426,20,16,4.97,4.35,2.67,0.00,3.58,0.00,10.47,4.97,4.97,False
426,21,12,20.51,15.18,5.26,4.02,5.87,3.51,7.48,5.13,6.97,False
426,22,8,15.26,13.46,5.17,4.00,5.17,4.00,7.83,5.62,7.84,False
426,23,17,19.52,18.46,2.67,3.24,6.04,3.25,13.65,8.51,12.20,False
426,24,2,5.88,5.13,2.57,0.00,4.16,1.76,11.02,5.88,5.88,False
428,1,19,7.11,4.98,3.65,0.00,5.04,0.00,11.78,7.12,7.12,False
428,2,22,7.42,6.10,2.47,0.00,5.26,2.52,10.70,7.42,9.26,False
428,3,20,6.74,5.08,2.52,0.00,4.89,2.57,10.03,6.74,8.18,False
428,4,14,9.25,5.75,4.0,1.58,4.00,1.91,12.46,4.82,4.96,False
428,5,7,8.46,7.12,3.89,1.91,6.27,1.91,12.42,8.46,13.12,False
428,6,23,8.64,7.27,2.52,0.00,6.05,0.00,11.94,8.64,8.64,False
428,7,21,8.34,6.76,2.52,2.52,5.90,0.00,11.63,8.34,8.34,False
428,8,24,5.74,4.44,2.52,0.00,4.37,0.00,9.03,5.74,5.74,False
428,9,18,5.62,4.94,2.11,0.00,4.73,2.25,9.83,5.62,13.40,False
428,10,10,7.54,6.78,4.02,1.91,5.46,2.91,13.04,7.54,13.36,False
428,11,1,9.52,6.72,3.65,0.00,6.73,2.27,14.18,9.52,11.97,False
428,12,15,4.85,3.51,2.47,0.00,3.56,2.37,8.14,4.85,9.28,False
428,13,4,5.74,4.90,2.52,0.00,4.00,0.92,9.03,5.74,7.59,False
428,14,6,9.02,6.93,3.65,0.00,5.48,3.14,9.87,9.02,15.50,False
428,15,3,11.25,9.86,5.0,2.57,7.39,2.47,11.84,9.40,15.08,False
428,16,13,6.62,5.19,2.11,0.00,5.03,2.11,8.82,6.62,8.82,False
428,17,11,6.47,5.27,1.98,0.00,5.63,1.91,10.43,6.47,8.45,False
428,18,9,6.61,4.52,2.19,1.76,5.03,2.19,8.46,6.60,14.26,False
428,19,5,4.21,3.75,2.19,0.00,3.49,0.00,8.41,4.20,4.20,False
428,20,16,6.81,6.17,4.02,1.91,4.30,1.91,10.47,4.97,4.97,False
428,21,12,5.13,4.21,1.98,0.00,4.40,0.92,7.48,5.13,6.97,False
428,22,8,5.63,4.55,2.11,0.00,4.73,2.11,7.83,5.62,7.84,False
428,23,17,8.51,5.74,3.24,0.00,6.04,2.12,13.65,8.51,12.20,False
428,24,2,5.88,4.00,3.24,1.76,4.16,0.00,11.02,5.88,5.88,False
429,1,19,11.78,8.93,0,3.65,5.26,3.65,11.78,7.12,7.12,False
429,2,22,9.27,8.29,2.52,2.52,5.26,0.00,10.70,7.42,9.26,False
429,3,20,11.69,9.89,2.65,3.40,4.89,1.76,10.03,6.74,8.18,False
429,4,14,4.96,4.72,2.67,1.91,3.25,0.00,12.46,4.82,4.96,False
429,5,7,8.46,8.10,3.89,1.91,6.27,1.91,12.42,8.46,13.12,False
429,6,23,14.45,12.34,3.65,5.00,6.24,5.00,11.94,8.64,8.64,False
429,7,21,8.34,6.92,2.47,0.00,5.90,2.52,11.63,8.34,8.34,True
429,8,24,17.35,16.21,3.65,5.00,4.37,5.00,9.03,5.74,5.74,False
429,9,18,11.41,9.79,4.16,3.89,5.17,3.39,9.83,5.62,13.40,False
429,10,10,13.34,11.21,4.76,2.65,6.12,3.87,13.04,7.54,13.36,False
429,11,1,14.18,10.71,0,3.65,6.73,2.11,14.18,9.52,11.97,False
429,12,15,13.10,10.89,4.0,3.39,4.27,3.39,8.14,4.85,9.28,False
429,13,4,10.69,9.97,2.65,3.93,4.00,3.93,9.03,5.74,7.59,False
429,14,6,9.87,9.06,0,3.65,5.48,3.10,9.87,9.02,15.50,False
429,15,3,11.04,9.62,2.88,0.82,6.89,2.57,11.84,9.40,15.08,False
429,16,13,6.62,5.61,2.11,0.00,5.03,2.11,8.82,6.62,8.82,False
429,17,11,10.43,9.62,0,1.98,5.63,2.65,10.43,6.47,8.45,False
429,18,9,16.72,12.34,4.0,3.54,5.03,2.75,8.46,6.60,14.26,False
429,19,5,4.21,4.02,2.19,0.00,3.49,0.00,8.41,4.20,4.20,False
429,20,16,15.91,14.50,4.76,3.87,4.30,3.87,10.47,4.97,4.97,False
429,21,12,7.48,7.42,0,1.98,4.40,2.65,7.48,5.13,6.97,False
429,22,8,7.84,6.12,0,2.11,4.73,2.11,7.83,5.62,7.84,False
429,23,17,15.18,12.15,4.32,3.65,6.04,4.20,13.65,8.51,12.20,False
429,24,2,11.15,9.20,3.24,1.92,4.16,1.92,11.02,5.88,5.88,False
430,1,19,9.57,7.18,2.11,2.27,5.26,2.27,11.78,7.12,7.12,False
430,2,22,13.16,9.38,2.44,2.16,5.26,2.52,10.70,7.42,9.26,False
430,3,20,6.74,5.47,2.52,0.00,4.89,2.57,10.03,6.74,8.18,False
430,4,14,4.82,4.48,4.02,0.00,4.30,1.91,12.46,4.82,4.96,False
430,5,7,12.42,10.89,1.76,1.98,6.27,1.98,12.42,8.46,13.12,False
430,6,23,8.64,7.22,2.52,0.00,6.05,0.00,11.94,8.64,8.64,False
430,7,21,8.34,6.73,2.25,1.91,5.90,2.11,11.63,8.34,8.34,False
430,8,24,9.08,7.08,2.26,2.52,4.37,2.52,9.03,5.74,5.74,False
430,9,18,9.30,7.30,4.02,2.12,5.08,2.25,9.83,5.62,13.40,False
430,10,10,7.54,6.41,4.02,1.91,5.46,2.91,13.04,7.54,13.36,False
430,11,1,11.97,9.10,2.11,2.27,6.73,0.00,14.18,9.52,11.97,False
430,12,15,4.85,3.21,2.47,0.00,3.56,2.37,8.14,4.85,9.28,False
430,13,4,7.18,6.04,2.19,2.57,4.00,2.57,9.03,5.74,7.59,False
430,14,6,13.22,9.01,4.37,2.12,5.48,3.16,9.87,9.02,15.50,False
430,15,3,9.40,7.20,2.88,0.00,6.89,2.57,11.84,9.40,15.08,False
430,16,13,6.62,5.62,2.11,0.00,5.03,2.11,8.82,6.62,8.82,False
430,17,11,6.47,5.86,1.98,0.00,5.63,1.91,10.43,6.47,8.45,True
430,18,9,12.88,8.59,3.89,3.54,5.03,2.27,8.46,6.60,14.26,False
430,19,5,8.41,7.23,0,2.19,3.93,2.19,8.41,4.20,4.20,False
430,20,16,4.97,3.82,2.67,0.00,3.58,0.00,10.47,4.97,4.97,False
430,21,12,11.40,8.67,2.98,2.27,4.48,2.27,7.48,5.13,6.97,False
430,22,8,5.63,4.52,2.11,0.00,4.73,2.11,7.83,5.62,7.84,False
430,23,17,10.36,8.21,2.52,2.12,6.04,1.76,13.65,8.51,12.20,False
430,24,2,17.81,13.77,4.32,4.30,4.30,4.20,11.02,5.88,5.88,False
431,1,19,26.70,22.93,5.16,4.20,5.26,4.20,11.78,7.12,7.12,True
431,2,22,9.03,7.24,2.47,0.80,5.26,2.57,10.70,7.42,9.26,False
431,3,20,16.35,14.04,3.65,5.00,4.98,3.65,10.03,6.74,8.18,False
431,4,14,6.51,5.38,4.09,0.84,4.30,1.91,12.46,4.82,4.96,False
431,5,7,12.42,10.49,0,2.65,6.27,1.98,12.42,8.46,13.12,False
431,6,23,10.14,9.50,2.26,2.57,6.24,2.57,11.94,8.64,8.64,False
431,7,21,16.75,14.75,1.93,2.47,5.90,4.35,11.63,8.34,8.34,False
431,8,24,16.55,14.97,2.65,4.76,4.37,4.76,9.03,5.74,5.74,True
431,9,18,11.41,10.29,4.16,3.89,5.17,3.39,9.83,5.62,13.40,False
431,10,10,9.14,7.67,4.2,2.59,5.46,2.91,13.04,7.54,13.36,False
431,11,1,11.36,9.55,5.0,3.24,6.73,4.00,14.18,9.52,11.97,False
431,12,15,13.10,10.20,4.0,3.39,4.27,3.15,8.14,4.85,9.28,False
431,13,4,7.18,7.07,2.19,2.57,4.00,2.57,9.03,5.74,7.59,False
431,14,6,12.22,8.36,1.18,3.65,5.48,3.10,9.87,9.02,15.50,False
431,15,3,11.85,9.61,0,2.88,6.89,4.00,11.84,9.40,15.08,False
431,16,13,10.30,8.96,4.02,2.12,5.46,4.02,8.82,6.62,8.82,False
431,17,11,6.47,5.79,1.98,0.00,5.63,1.91,10.43,6.47,8.45,False
431,18,9,8.46,7.11,0,2.19,5.03,2.90,8.46,6.60,14.26,False
431,19,5,19.63,16.82,4.71,4.34,5.00,4.34,8.41,4.20,4.20,False
431,20,16,14.28,11.88,4.76,3.39,4.30,3.39,10.47,4.97,4.97,False
431,21,12,15.61,11.64,4.97,4.20,4.97,4.20,7.48,5.13,6.97,False
431,22,8,5.63,5.15,2.11,0.00,4.73,2.11,7.83,5.62,7.84,False
431,23,17,15.18,12.24,4.32,3.65,6.04,4.20,13.65,8.51,12.20,False
431,24,2,10.02,6.51,2.63,2.33,4.16,1.23,11.02,5.88,5.88,False
432,1,19,11.78,8.76,0,3.65,5.26,3.65,11.78,7.12,7.12,False
432,2,22,9.27,8.03,2.52,2.52,5.26,0.00,10.70,7.42,9.26,False
432,3,20,24.02,20.32,3.65,5.08,4.89,3.65,10.03,6.74,8.18,False
432,4,14,17.80,14.58,2.12,3.20,4.30,2.73,12.46,4.82,4.96,False
432,5,7,12.42,10.21,1.76,1.98,6.27,1.98,12.42,8.46,13.12,False
432,6,23,10.14,8.73,2.26,2.57,6.24,2.57,11.94,8.64,8.64,False
432,7,21,14.75,12.21,4.0,2.88,5.90,5.00,11.63,8.34,8.34,False
432,8,24,17.35,15.06,3.65,5.00,4.37,5.00,9.03,5.74,5.74,False
432,9,18,5.62,5.26,2.11,0.00,4.73,2.25,9.83,5.62,13.40,False
432,10,10,7.54,6.02,2.67,0.00,5.46,2.52,13.04,7.54,13.36,True
432,11,1,11.36,9.66,5.0,3.24,6.73,4.00,14.18,9.52,11.97,False
432,12,15,4.85,3.14,2.47,0.00,3.56,2.37,8.14,4.85,9.28,False
432,13,4,7.18,6.32,2.19,2.57,4.00,2.57,9.03,5.74,7.59,False
432,14,6,14.08,12.10,1.5,3.65,5.48,3.10,9.87,9.02,15.50,False
432,15,3,11.25,9.61,5.0,2.57,7.39,2.47,11.84,9.40,15.08,False
432,16,13,26.42,22.65,4.16,4.00,5.64,4.16,8.82,6.62,8.82,True
432,17,11,10.43,7.79,1.76,1.98,5.63,1.98,10.43,6.47,8.45,False
432,18,9,6.61,4.66,2.19,1.76,5.03,2.19,8.46,6.60,14.26,False
432,19,5,6.55,5.33,2.19,1.98,3.93,1.98,8.41,4.20,4.20,False
432,20,16,7.18,5.70,2.47,2.11,3.65,2.11,10.47,4.97,4.97,False
432,21,12,5.13,4.59,1.98,0.00,4.40,0.92,7.48,5.13,6.97,False
432,22,8,5.63,4.82,2.11,0.00,4.73,2.11,7.83,5.62,7.84,False
432,23,17,11.97,10.12,2.52,2.69,6.04,0.92,13.65,8.51,12.20,False
432,24,2,11.02,9.25,0,2.57,4.16,3.24,11.02,5.88,5.88,False
433,1,19,9.57,6.90,2.11,2.27,5.26,2.27,11.78,7.12,7.12,False
433,2,22,13.23,10.65,2.52,2.52,5.26,1.98,10.70,7.42,9.26,False
433,3,20,6.74,6.00,2.52,0.00,4.89,2.57,10.03,6.74,8.18,False
433,4,14,15.90,15.01,3.87,3.24,4.30,3.87,12.46,4.82,4.96,False
433,5,7,8.46,7.06,1.98,1.91,6.27,1.65,12.42,8.46,13.12,False
433,6,23,8.64,7.33,2.52,0.00,6.05,0.00,11.94,8.64,8.64,False
433,7,21,8.34,6.95,2.25,1.91,5.90,2.11,11.63,8.34,8.34,False
433,8,24,5.74,4.82,2.52,0.00,4.37,0.00,9.03,5.74,5.74,False
433,9,18,9.83,8.61,2.11,2.11,4.73,2.25,9.83,5.62,13.40,False
433,10,10,11.59,10.17,2.52,2.67,6.12,2.67,13.04,7.54,13.36,False
433,11,1,9.52,7.87,3.65,1.76,6.73,2.98,14.18,9.52,11.97,False
433,12,15,4.85,3.02,2.47,0.00,3.56,2.37,8.14,4.85,9.28,False
433,13,4,9.03,7.97,2.52,1.64,3.89,1.64,9.03,5.74,7.59,False
433,14,6,11.47,9.25,3.65,1.23,5.48,2.91,9.87,9.02,15.50,False
433,15,3,9.40,7.93,2.88,0.00,6.89,2.57,11.84,9.40,15.08,False
433,16,13,8.82,8.01,0,2.11,5.03,0.00,8.82,6.62,8.82,False
433,17,11,16.62,14.75,3.77,3.77,6.26,2.11,10.43,6.47,8.45,False
433,18,9,6.61,5.22,2.19,0.00,5.03,2.19,8.46,6.60,14.26,False
433,19,5,4.21,4.01,2.19,0.00,3.49,0.00,8.41,4.20,4.20,False
433,20,16,6.81,5.93,4.02,1.91,4.30,1.91,10.47,4.97,4.97,False
433,21,12,7.48,6.99,0,1.98,4.40,2.65,7.48,5.13,6.97,False
433,22,8,15.26,14.37,4.02,4.00,5.08,4.00,7.83,5.62,7.84,False
433,23,17,8.52,7.25,2.57,1.76,6.04,2.12,13.65,8.51,12.20,False
433,24,2,5.88,3.74,3.24,1.76,4.16,0.00,11.02,5.88,5.88,False
435,1,19,7.11,5.18,3.65,0.00,5.04,0.00,11.78,7.12,7.12,False
435,2,22,7.42,6.24,2.47,0.00,5.26,2.52,10.70,7.42,9.26,False
435,3,20,17.97,15.49,2.98,5.00,4.89,2.98,10.03,6.74,8.18,False
435,4,14,13.92,12.17,5.26,3.24,4.30,3.87,12.46,4.82,4.96,False
435,5,7,12.42,10.87,0,2.65,6.27,1.98,12.42,8.46,13.12,False
435,6,23,17.05,15.34,2.65,3.40,6.05,3.40,11.94,8.64,8.64,False
435,7,21,8.34,7.19,2.52,2.52,5.90,0.00,11.63,8.34,8.34,False
435,8,24,17.35,15.27,2.98,5.00,4.37,5.00,9.03,5.74,5.74,False
435,9,18,9.83,8.34,2.11,2.11,4.73,2.25,9.83,5.62,13.40,False
435,10,10,15.55,13.25,2.47,2.19,6.12,2.57,13.04,7.54,13.36,False
435,11,1,15.33,12.45,5.0,3.24,6.73,4.00,14.18,9.52,11.97,False
435,12,15,26.08,22.46,4.0,3.87,4.27,3.87,8.14,4.85,9.28,False
435,13,4,9.03,8.01,0,2.52,4.00,2.52,9.03,5.74,7.59,False
435,14,6,36.02,35.01,5.0,3.65,5.48,3.91,9.87,9.02,15.50,True
435,15,3,13.70,11.69,2.19,2.88,7.39,2.88,11.84,9.40,15.08,False
435,16,13,14.27,12.26,5.96,4.00,5.96,5.96,8.82,6.62,8.82,False
435,17,11,16.62,14.33,3.77,3.77,6.26,2.11,10.43,6.47,8.45,False
435,18,9,18.94,15.36,6.0,5.00,6.12,4.20,8.46,6.60,14.26,False
435,19,5,8.41,7.82,0,2.19,3.93,2.19,8.41,4.20,4.20,False
435,20,16,7.18,7.02,2.47,2.11,3.65,2.11,10.47,4.97,4.97,False
435,21,12,18.77,16.22,4.91,4.02,4.91,3.20,7.48,5.13,6.97,False
435,22,8,5.63,4.94,2.11,0.00,4.73,2.11,7.83,5.62,7.84,False
435,23,17,18.68,12.18,4.32,3.65,6.04,4.20,13.65,8.51,12.20,False
435,24,2,34.11,28.20,3.87,3.87,4.16,3.87,11.02,5.88,5.88,False
436,1,19,11.31,10.06,5.0,3.24,5.90,3.24,11.78,7.12,7.12,False
436,2,22,7.42,6.46,2.47,0.00,5.26,2.52,10.70,7.42,9.26,False
436,3,20,14.14,13.48,2.98,5.00,4.89,2.98,10.03,6.74,8.18,True
436,4,14,4.96,4.43,2.67,1.91,3.25,0.00,12.46,4.82,4.96,False
436,5,7,8.46,8.02,3.89,1.91,6.27,1.91,12.42,8.46,13.12,False
436,6,23,14.45,12.59,3.65,5.00,6.24,5.00,11.94,8.64,8.64,False
436,7,21,12.40,9.93,4.0,2.88,5.90,4.82,11.63,8.34,8.34,False
436,8,24,27.03,22.99,4.27,5.17,4.37,5.17,9.03,5.74,5.74,True
436,9,18,26.26,23.19,5.17,4.66,5.17,3.87,9.83,5.62,13.40,True
436,10,10,7.54,6.44,4.02,1.91,5.46,2.91,13.04,7.54,13.36,False
436,11,1,11.36,9.64,5.0,3.24,6.73,4.00,14.18,9.52,11.97,False
436,12,15,21.61,18.96,3.12,3.14,3.56,3.33,8.14,4.85,9.28,True
436,13,4,7.18,6.45,2.19,2.57,4.00,2.57,9.03,5.74,7.59,False
436,14,6,15.73,15.61,2.11,3.65,5.48,3.10,9.87,9.02,15.50,True
436,15,3,23.25,21.32,4.66,2.57,6.89,3.93,11.84,9.40,15.08,True
436,16,13,16.84,11.76,3.15,3.15,5.08,3.15,8.82,6.62,8.82,False
436,17,11,6.47,5.94,1.98,0.00,5.63,1.91,10.43,6.47,8.45,False
436,18,9,6.61,4.99,2.19,1.76,5.03,2.19,8.46,6.60,14.26,False
436,19,5,8.41,7.58,0,2.19,3.93,2.19,8.41,4.20,4.20,False
436,20,16,21.74,17.29,3.87,3.87,3.87,3.87,10.47,4.97,4.97,True
436,21,12,17.61,15.90,4.97,4.20,5.11,4.20,7.48,5.13,6.97,False
436,22,8,5.63,4.65,2.11,0.00,4.73,2.11,7.83,5.62,7.84,False
436,23,17,10.97,8.19,4.0,2.27,6.04,2.27,13.65,8.51,12.20,False
436,24,2,5.88,5.60,2.57,0.00,4.16,1.76,11.02,5.88,5.88,False
437,1,19,18.61,16.83,4.48,3.24,5.90,3.24,11.78,7.12,7.12,False
437,2,22,11.71,9.08,2.44,2.16,5.26,2.44,10.70,7.42,9.26,False
437,3,20,16.35,13.47,3.65,5.00,4.98,3.65,10.03,6.74,8.18,False
437,4,14,20.11,18.23,3.87,3.77,4.30,3.87,12.46,4.82,4.96,False
437,5,7,8.46,7.15,1.98,1.91,6.27,1.65,12.42,8.46,13.12,False
437,6,23,13.65,11.47,2.65,3.93,6.24,3.93,11.94,8.64,8.64,False
437,7,21,8.34,6.47,2.47,0.00,5.90,2.52,11.63,8.34,8.34,False
437,8,24,14.69,13.21,2.26,3.93,4.37,3.93,9.03,5.74,5.74,False
437,9,18,5.62,5.16,2.11,0.00,4.73,2.25,9.83,5.62,13.40,False
437,10,10,7.54,6.69,4.02,1.91,5.46,2.91,13.04,7.54,13.36,False
437,11,1,9.52,6.65,3.65,0.00,6.73,2.27,14.18,9.52,11.97,False
437,12,15,13.10,10.19,4.0,3.39,4.27,3.39,8.14,4.85,9.28,False
437,13,4,10.69,9.28,2.19,3.90,4.00,3.40,9.03,5.74,7.59,False
437,14,6,10.93,8.70,2.88,2.60,5.48,2.88,9.87,9.02,15.50,False
437,15,3,11.85,9.35,0,2.88,6.89,4.00,11.84,9.40,15.08,False
437,16,13,26.25,20.95,4.16,3.89,5.03,4.16,8.82,6.62,8.82,False
437,17,11,10.43,8.39,0,1.98,5.63,2.65,10.43,6.47,8.45,False
437,18,9,6.61,4.85,2.19,1.76,5.03,2.19,8.46,6.60,14.26,False
437,19,5,6.66,4.90,2.19,1.23,4.48,1.23,8.41,4.20,4.20,False
437,20,16,8.83,5.98,2.47,2.26,3.65,2.26,10.47,4.97,4.97,False
437,21,12,15.61,12.86,4.97,4.20,4.97,4.20,7.48,5.13,6.97,False
437,22,8,12.29,7.82,1.58,2.11,4.73,2.11,7.83,5.62,7.84,False
437,23,17,8.51,5.61,3.24,0.00,6.04,2.12,13.65,8.51,12.20,False
437,24,2,16.63,16.36,2.15,2.83,4.16,3.24,11.02,5.88,5.88,False
438,1,19,11.31,10.41,5.0,3.24,5.90,3.24,11.78,7.12,7.12,False
438,2,22,9.27,7.58,2.52,2.52,5.26,0.00,10.70,7.42,9.26,False
438,3,20,10.03,8.12,2.19,2.57,4.89,2.12,10.03,6.74,8.18,False
438,4,14,22.11,17.06,4.02,4.30,3.12,3.65,12.46,4.82,4.96,True
438,5,7,12.42,11.18,0,2.65,6.27,1.98,12.42,8.46,13.12,False
438,6,23,11.94,10.32,2.19,2.57,6.05,2.57,11.94,8.64,8.64,False
438,7,21,8.34,7.06,2.52,2.52,5.90,0.00,11.63,8.34,8.34,False
438,8,24,5.74,4.80,2.52,0.00,4.37,0.00,9.03,5.74,5.74,False
438,9,18,11.41,9.86,3.65,3.15,5.17,3.15,9.83,5.62,13.40,False
438,10,10,13.59,10.92,2.52,2.67,6.12,2.26,13.04,7.54,13.36,False
438,11,1,14.18,11.19,0,3.65,6.73,2.11,14.18,9.52,11.97,False
438,12,15,8.14,7.07,0,2.47,3.56,3.33,8.14,4.85,9.28,False
438,13,4,30.52,23.64,3.51,5.17,4.00,5.00,9.03,5.74,7.59,True
438,14,6,11.42,9.99,2.88,2.26,5.48,2.88,9.87,9.02,15.50,False
438,15,3,11.25,9.90,5.0,2.57,7.39,2.47,11.84,9.40,15.08,False
438,16,13,6.62,5.09,2.11,0.00,5.03,2.11,8.82,6.62,8.82,False
438,17,11,10.43,8.19,0,1.98,5.63,2.65,10.43,6.47,8.45,False
438,18,9,20.38,14.97,5.0,4.10,5.03,3.51,8.46,6.60,14.26,False
438,19,5,8.41,7.66,0,2.19,3.93,2.19,8.41,4.20,4.20,False
438,20,16,7.18,5.35,2.47,2.11,3.65,2.11,10.47,4.97,4.97,False
438,21,12,14.81,11.28,5.26,4.02,5.26,3.51,7.48,5.13,6.97,False
438,22,8,24.51,21.65,5.17,4.66,5.17,4.66,7.83,5.62,7.84,True
438,23,17,25.19,23.05,2.67,3.24,6.04,3.25,13.65,8.51,12.20,True
438,24,2,23.17,18.72,4.3,4.30,4.30,4.30,11.02,5.88,5.88,True
439,1,19,9.47,8.33,3.65,1.98,5.90,1.98,11.78,7.12,7.12,False
439,2,22,7.42,5.57,2.47,0.00,5.26,2.52,10.70,7.42,9.26,False
439,3,20,6.74,5.41,2.52,0.00,4.89,2.57,10.03,6.74,8.18,False
439,4,14,4.96,3.61,2.67,1.91,3.25,0.00,12.46,4.82,4.96,False
439,5,7,8.46,6.23,2.65,0.00,6.27,1.91,12.42,8.46,13.12,False
439,6,23,8.64,6.85,2.52,0.00,6.05,0.00,11.94,8.64,8.64,False
439,7,21,8.34,6.85,2.52,2.52,5.90,0.00,11.63,8.34,8.34,False
439,8,24,9.08,7.70,2.26,2.47,4.37,2.47,9.03,5.74,5.74,False
439,9,18,5.62,5.37,2.11,0.00,4.73,2.25,9.83,5.62,13.40,False
439,10,10,7.54,6.70,4.02,1.91,5.46,2.91,13.04,7.54,13.36,False
439,11,1,9.52,6.51,3.65,0.00,6.73,2.27,14.18,9.52,11.97,False
439,12,15,9.99,7.27,0.92,3.32,3.56,3.33,8.14,4.85,9.28,False
439,13,4,5.74,4.69,2.52,0.00,4.00,0.92,9.03,5.74,7.59,False
439,14,6,9.02,8.16,3.65,0.00,5.48,3.14,9.87,9.02,15.50,False
439,15,3,9.40,7.26,2.88,0.00,6.89,2.57,11.84,9.40,15.08,False
439,16,13,6.62,5.03,2.11,0.00,5.03,2.11,8.82,6.62,8.82,False
439,17,11,6.47,5.39,1.98,0.00,5.63,1.91,10.43,6.47,8.45,False
439,18,9,6.61,5.06,2.19,1.76,5.03,2.19,8.46,6.60,14.26,False
439,19,5,6.55,5.53,2.19,1.98,3.93,1.98,8.41,4.20,4.20,False
439,20,16,4.97,3.47,2.67,0.00,3.58,0.00,10.47,4.97,4.97,False
439,21,12,7.58,5.39,1.98,1.23,4.48,1.23,7.48,5.13,6.97,False
439,22,8,9.84,5.43,2.11,2.11,4.73,2.11,7.83,5.62,7.84,False
439,23,17,10.36,8.29,2.52,2.12,6.04,0.92,13.65,8.51,12.20,False
439,24,2,5.88,7.13,3.24,1.76,4.16,0.00,11.02,5.88,5.88,False
440,1,19,11.31,10.57,5.0,3.24,5.90,3.24,11.78,7.12,7.12,False
440,2,22,11.71,9.73,2.44,2.16,5.26,2.44,10.70,7.42,9.26,False
440,3,20,6.74,5.54,2.52,0.00,4.89,2.57,10.03,6.74,8.18,False
440,4,14,4.82,4.22,4.02,0.00,4.30,1.91,12.46,4.82,4.96,False
440,5,7,12.42,10.44,2.59,1.98,6.27,1.98,12.42,8.46,13.12,False
440,6,23,11.74,10.56,2.26,2.57,6.07,2.57,11.94,8.64,8.64,False
440,7,21,12.30,11.70,2.47,1.98,5.90,3.24,11.63,8.34,8.34,False
440,8,24,16.55,14.50,2.65,4.76,4.37,4.76,9.03,5.74,5.74,False
440,9,18,13.26,10.13,4.16,3.89,5.17,3.39,9.83,5.62,13.40,False
440,10,10,7.54,5.46,2.67,0.00,5.46,2.52,13.04,7.54,13.36,False
440,11,1,9.52,7.22,3.65,0.00,6.73,2.27,14.18,9.52,11.97,False
440,12,15,6.50,4.52,2.47,0.82,3.56,2.37,8.14,4.85,9.28,False
440,13,4,16.50,13.53,2.65,3.93,4.00,3.93,9.03,5.74,7.59,False
440,14,6,9.87,7.70,0,3.65,5.48,3.10,9.87,9.02,15.50,False
440,15,3,13.69,9.73,0.92,2.88,7.39,3.89,11.84,9.40,15.08,False
440,16,13,16.62,12.91,3.12,2.59,5.46,3.12,8.82,6.62,8.82,False
440,17,11,12.27,11.09,1.98,1.98,5.63,2.65,10.43,6.47,8.45,False
440,18,9,24.75,16.28,4.12,4.12,5.03,4.02,8.46,6.60,14.26,False
440,19,5,23.83,18.80,4.71,4.34,4.71,4.34,8.41,4.20,4.20,False
440,20,16,10.77,6.88,4.76,3.39,4.30,3.39,10.47,4.97,4.97,False
440,21,12,7.48,7.03,1.98,1.98,4.40,1.98,7.48,5.13,6.97,False
440,22,8,5.63,4.38,2.11,0.00,4.73,2.11,7.83,5.62,7.84,False
440,23,17,8.51,6.55,3.24,0.00,6.04,2.12,13.65,8.51,12.20,False
440,24,2,5.88,5.04,2.57,0.00,4.16,1.76,11.02,5.88,5.88,False
442,1,19,26.00,23.47,4.76,3.24,5.04,3.24,11.78,7.12,7.12,True
442,2,22,7.42,6.17,2.47,0.00,5.26,2.52,10.70,7.42,9.26,False
442,3,20,6.74,5.71,2.52,0.00,4.89,2.57,10.03,6.74,8.18,False
442,4,14,4.96,4.21,2.67,1.91,3.25,0.00,12.46,4.82,4.96,False
442,5,7,8.46,6.72,2.65,0.00,6.27,1.91,12.42,8.46,13.12,False
442,6,23,10.14,9.88,2.26,2.57,6.24,2.57,11.94,8.64,8.64,False
442,7,21,8.34,6.37,2.47,0.00,5.90,2.52,11.63,8.34,8.34,False
442,8,24,26.98,23.73,4.27,5.17,4.37,5.17,9.03,5.74,5.74,True
442,9,18,13.26,11.45,5.26,4.00,5.17,3.87,9.83,5.62,13.40,False
442,10,10,13.34,10.99,4.76,2.65,6.12,3.87,13.04,7.54,13.36,False
442,11,1,9.52,7.94,3.65,1.76,6.73,2.98,14.18,9.52,11.97,False
442,12,15,17.28,14.63,3.02,3.02,3.56,3.33,8.14,4.85,9.28,False
442,13,4,7.18,6.34,2.19,2.57,4.00,2.57,9.03,5.74,7.59,False
442,14,6,9.87,8.55,0,3.65,5.48,3.10,9.87,9.02,15.50,False
442,15,3,13.69,9.86,0.92,2.88,7.39,3.89,11.84,9.40,15.08,False
442,16,13,6.62,5.18,2.11,0.00,5.03,2.11,8.82,6.62,8.82,False
442,17,11,10.43,8.44,0,1.98,5.63,2.65,10.43,6.47,8.45,False
442,18,9,8.46,7.03,0,2.19,5.03,2.90,8.46,6.60,14.26,False
442,19,5,6.66,5.55,2.19,1.23,4.48,1.23,8.41,4.20,4.20,False
442,20,16,14.16,12.12,2.12,2.73,4.30,2.73,10.47,4.97,4.97,False
442,21,12,15.61,12.16,4.12,4.02,5.87,3.51,7.48,5.13,6.97,False
442,22,8,5.63,4.54,2.11,0.00,4.73,2.11,7.83,5.62,7.84,False
442,23,17,31.02,26.60,3.87,3.87,6.04,3.56,13.65,8.51,12.20,True
442,24,2,26.62,21.97,4.3,4.30,4.30,4.30,11.02,5.88,5.88,True
443,1,19,20.07,16.74,4.73,3.24,5.26,3.24,11.78,7.12,7.12,False
443,2,22,9.87,8.35,4.0,2.88,5.26,4.20,10.70,7.42,9.26,False
443,3,20,16.35,13.43,3.65,5.00,4.98,3.65,10.03,6.74,8.18,False
443,4,14,13.92,12.12,5.26,3.24,4.30,3.87,12.46,4.82,4.96,False
443,5,7,12.42,10.45,1.76,1.98,6.27,1.98,12.42,8.46,13.12,False
443,6,23,14.45,12.24,3.65,5.00,6.24,5.00,11.94,8.64,8.64,False
443,7,21,14.75,12.28,4.0,2.88,5.90,5.00,11.63,8.34,8.34,False
443,8,24,26.98,22.59,3.65,5.00,4.37,5.00,9.03,5.74,5.74,False
443,9,18,13.26,11.25,5.26,4.00,5.17,3.87,9.83,5.62,13.40,False
443,10,10,11.49,9.76,4.76,2.65,5.46,3.39,13.04,7.54,13.36,False
443,11,1,14.66,12.18,4.32,3.24,6.73,4.00,14.18,9.52,11.97,False
443,12,15,4.85,4.38,2.47,0.00,3.56,2.37,8.14,4.85,9.28,False
443,13,4,28.63,23.88,3.51,5.17,4.00,5.00,9.03,5.74,7.59,False
443,14,6,9.87,7.70,0,3.65,5.48,3.10,9.87,9.02,15.50,False
443,15,3,13.69,10.57,0.92,2.88,7.39,3.89,11.84,9.40,15.08,False
443,16,13,8.46,7.42,3.65,1.91,5.46,3.65,8.82,6.62,8.82,False
443,17,11,8.45,7.68,3.89,1.91,5.87,1.91,10.43,6.47,8.45,False
443,18,9,6.61,4.85,2.19,1.76,5.03,2.19,8.46,6.60,14.26,False
443,19,5,14.82,9.84,1.47,2.19,4.40,2.19,8.41,4.20,4.20,False
443,20,16,10.77,9.86,4.76,3.39,4.30,3.39,10.47,4.97,4.97,False
443,21,12,22.41,20.97,4.97,4.20,5.11,4.20,7.48,5.13,6.97,False
443,22,8,18.55,15.53,5.17,4.00,5.17,4.00,7.83,5.62,7.84,False
443,23,17,8.52,7.14,2.57,1.76,6.04,2.12,13.65,8.51,12.20,False
443,24,2,28.97,25.76,4.32,4.30,4.30,4.20,11.02,5.88,5.88,True
444,1,19,32.05,27.72,5.0,3.65,5.90,3.65,11.78,7.12,7.12,False
444,2,22,7.42,5.75,2.47,0.00,5.26,2.52,10.70,7.42,9.26,True
444,3,20,34.78,27.99,3.87,5.17,4.89,3.87,10.03,6.74,8.18,True
444,4,14,13.92,11.82,5.26,3.24,4.30,3.87,12.46,4.82,4.96,False
444,5,7,8.46,7.60,1.98,1.91,6.27,1.65,12.42,8.46,13.12,False
444,6,23,14.45,12.19,3.65,5.00,6.24,5.00,11.94,8.64,8.64,False
444,7,21,19.10,17.07,2.65,2.65,5.90,4.76,11.63,8.34,8.34,False
444,8,24,17.35,13.70,3.65,5.00,4.37,5.00,9.03,5.74,5.74,False
444,9,18,11.41,9.62,4.16,3.89,5.17,3.39,9.83,5.62,13.40,False
444,10,10,11.59,9.11,2.52,2.67,6.12,2.67,13.04,7.54,13.36,False
444,11,1,11.36,9.96,5.0,3.24,6.73,4.00,14.18,9.52,11.97,False
444,12,15,13.10,10.35,4.0,3.39,4.27,3.39,8.14,4.85,9.28,False
444,13,4,24.46,21.11,3.39,5.17,4.00,5.00,9.03,5.74,7.59,False
444,14,6,13.22,12.45,5.0,3.24,5.48,3.91,9.87,9.02,15.50,False
444,15,3,13.70,11.61,2.19,2.88,7.39,2.88,11.84,9.40,15.08,False
444,16,13,8.83,6.46,2.11,2.11,5.03,2.11,8.82,6.62,8.82,False
444,17,11,10.43,8.49,0,1.98,5.63,2.65,10.43,6.47,8.45,False
444,18,9,8.46,7.32,0,2.19,5.03,2.90,8.46,6.60,14.26,False
444,19,5,8.41,7.87,0,2.19,3.93,2.19,8.41,4.20,4.20,False
444,20,16,23.75,19.99,4.76,3.87,3.87,3.87,10.47,4.97,4.97,False
444,21,12,26.36,23.27,4.9,3.54,4.40,3.14,7.48,5.13,6.97,False
444,22,8,13.51,10.38,2.52,2.12,5.08,2.12,7.83,5.62,7.84,False
444,23,17,8.52,8.16,2.57,1.76,6.04,2.12,13.65,8.51,12.20,False
444,24,2,5.88,5.31,2.57,0.00,4.16,1.76,11.02,5.88,5.88,False
445,1,19,11.68,10.25,3.65,1.98,5.90,1.98,11.78,7.12,7.12,False
445,2,22,16.73,15.28,2.65,2.65,5.26,3.93,10.70,7.42,9.26,False
445,3,20,10.03,8.68,0,2.52,4.89,2.19,10.03,6.74,8.18,False
445,4,14,22.11,19.81,4.02,3.51,3.12,3.20,12.46,4.82,4.96,True
445,5,7,8.46,7.36,3.89,1.91,6.27,1.91,12.42,8.46,13.12,False
445,6,23,8.64,6.91,2.52,0.00,6.05,0.00,11.94,8.64,8.64,False
445,7,21,18.26,15.48,2.98,2.98,5.90,5.17,11.63,8.34,8.34,False
445,8,24,30.32,24.65,4.27,5.17,4.37,5.17,9.03,5.74,5.74,True
445,9,18,13.26,11.30,5.26,4.00,5.17,3.87,9.83,5.62,13.40,False
445,10,10,30.63,26.24,4.22,4.30,5.46,3.87,13.04,7.54,13.36,True
445,11,1,11.36,9.41,5.0,3.24,6.73,4.00,14.18,9.52,11.97,False
445,12,15,13.10,10.36,4.0,3.39,4.27,3.15,8.14,4.85,9.28,False
445,13,4,21.69,19.16,2.67,3.93,4.00,3.93,9.03,5.74,7.59,False
445,14,6,17.28,14.25,5.0,3.24,5.48,3.87,9.87,9.02,15.50,False
445,15,3,11.85,8.78,0,2.88,6.89,4.00,11.84,9.40,15.08,False
445,16,13,14.27,11.49,5.96,4.00,5.96,5.96,8.82,6.62,8.82,False
445,17,11,8.45,7.55,3.89,1.91,5.87,1.91,10.43,6.47,8.45,False
445,18,9,6.61,4.45,2.19,1.76,5.03,2.19,8.46,6.60,14.26,False
445,19,5,6.66,4.86,2.19,1.23,4.48,1.23,8.41,4.20,4.20,False
445,20,16,17.89,16.43,4.76,3.87,3.87,3.87,10.47,4.97,4.97,True
445,21,12,7.48,7.42,0,1.98,4.40,2.65,7.48,5.13,6.97,False
445,22,8,5.63,4.30,2.11,0.00,4.73,2.11,7.83,5.62,7.84,False
445,23,17,10.36,9.40,2.52,3.24,6.04,2.90,13.65,8.51,12.20,False
445,24,2,5.88,4.61,2.57,0.00,4.16,1.76,11.02,5.88,5.88,False
446,1,19,11.78,9.44,2.11,2.27,5.26,2.27,11.78,7.12,7.12,True
446,2,22,7.42,5.54,2.47,0.00,5.26,2.52,10.70,7.42,9.26,False
446,3,20,8.18,7.06,2.19,2.57,4.89,0.00,10.03,6.74,8.18,False
446,4,14,10.10,8.76,2.11,2.75,3.65,2.57,12.46,4.82,4.96,False
446,5,7,8.46,6.62,3.89,1.91,6.27,1.91,12.42,8.46,13.12,False
446,6,23,8.64,6.99,2.52,0.00,6.05,0.00,11.94,8.64,8.64,False
446,7,21,8.34,6.22,2.47,0.00,5.90,2.52,11.63,8.34,8.34,False
446,8,24,5.74,4.22,2.52,0.00,4.37,0.00,9.03,5.74,5.74,False
446,9,18,7.46,5.94,3.65,1.91,5.00,2.25,9.83,5.62,13.40,False
446,10,10,7.54,6.48,4.02,1.91,5.46,2.91,13.04,7.54,13.36,False
446,11,1,11.21,7.82,3.65,1.76,6.73,2.98,14.18,9.52,11.97,False
446,12,15,4.85,3.01,2.47,0.00,3.56,2.37,8.14,4.85,9.28,False
446,13,4,5.74,5.49,2.52,0.00,4.00,0.92,9.03,5.74,7.59,True
446,14,6,9.87,7.68,0,3.65,5.48,3.10,9.87,9.02,15.50,False
446,15,3,9.40,7.54,2.88,0.00,6.89,2.57,11.84,9.40,15.08,False
446,16,13,6.62,4.86,2.11,0.00,5.03,2.11,8.82,6.62,8.82,False
446,17,11,6.47,5.52,1.98,0.00,5.63,1.91,10.43,6.47,8.45,False
446,18,9,6.61,4.92,2.19,1.76,5.03,2.19,8.46,6.60,14.26,False
446,19,5,4.21,3.61,2.19,0.00,3.49,0.00,8.41,4.20,4.20,False
446,20,16,4.97,3.06,2.67,0.00,3.58,0.00,10.47,4.97,4.97,False
446,21,12,15.61,11.88,4.97,4.20,5.11,4.20,7.48,5.13,6.97,False
446,22,8,7.84,5.87,2.11,2.11,4.73,0.00,7.83,5.62,7.84,False
446,23,17,8.51,6.11,3.24,0.00,6.04,2.12,13.65,8.51,12.20,False
446,24,2,7.57,5.08,2.57,0.84,4.16,1.76,11.02,5.88,5.88,False
447,1,19,25.06,20.13,5.0,4.00,5.26,4.00,11.78,7.12,7.12,False
447,2,22,34.21,29.61,4.02,4.02,5.26,5.00,10.70,7.42,9.26,True
447,3,20,14.14,11.82,2.98,5.00,4.89,2.98,10.03,6.74,8.18,False
447,4,14,29.22,27.05,3.65,4.30,4.30,3.65,12.46,4.82,4.96,True
447,5,7,12.42,10.90,1.76,1.98,6.27,1.98,12.42,8.46,13.12,False
447,6,23,8.64,7.03,2.52,0.00,6.05,0.00,11.94,8.64,8.64,False
447,7,21,16.61,13.86,2.98,2.88,5.90,5.00,11.63,8.34,8.34,False
447,8,24,5.74,4.93,2.52,0.00,4.37,0.00,9.03,5.74,5.74,False
447,9,18,21.92,20.25,5.17,4.66,5.17,3.87,9.83,5.62,13.40,True
447,10,10,29.02,22.99,4.27,4.23,6.12,3.65,13.04,7.54,13.36,True
447,11,1,14.18,11.20,0,3.65,6.73,2.11,14.18,9.52,11.97,False
447,12,15,14.79,11.26,4.0,3.39,4.27,3.39,8.14,4.85,9.28,False
447,13,4,5.74,27.71,2.52,0.00,4.00,0.92,9.03,5.74,7.59,True
447,14,6,22.48,19.31,4.48,3.65,5.48,3.87,9.87,9.02,15.50,False
447,15,3,11.85,9.26,0,2.88,6.89,4.00,11.84,9.40,15.08,False
447,16,13,8.82,7.95,0,2.11,5.03,0.00,8.82,6.62,8.82,False
447,17,11,14.51,11.20,5.26,4.12,5.87,3.32,10.43,6.47,8.45,False
447,18,9,29.44,24.17,6.0,5.00,6.12,4.30,8.46,6.60,14.26,False
447,19,5,27.30,24.30,5.0,4.02,5.00,4.02,8.41,4.20,4.20,False
447,20,16,6.81,5.82,4.02,1.91,4.30,1.91,10.47,4.97,4.97,False
447,21,12,15.61,12.24,5.9,4.20,5.90,4.20,7.48,5.13,6.97,False
447,22,8,9.45,7.72,4.02,1.91,4.76,2.88,7.83,5.62,7.84,False
447,23,17,10.36,9.29,2.52,3.24,6.04,2.90,13.65,8.51,12.20,False
447,24,2,5.88,4.60,2.57,0.00,4.16,1.76,11.02,5.88,5.88,False
448,1,19,13.78,11.73,2.11,3.65,5.26,3.65,11.78,7.12,7.12,False
448,2,22,9.27,7.76,2.52,2.52,5.26,0.00,10.70,7.42,9.26,False
448,3,20,16.35,13.93,3.65,5.00,4.98,3.65,10.03,6.74,8.18,False
448,4,14,13.92,12.26,5.26,3.24,4.30,3.87,12.46,4.82,4.96,False
448,5,7,12.42,11.67,0,2.65,6.27,1.98,12.42,8.46,13.12,False
448,6,23,11.94,10.09,0,2.52,6.05,2.52,11.94,8.64,8.64,False
448,7,21,14.75,12.99,4.0,2.88,5.90,5.00,11.63,8.34,8.34,False
448,8,24,5.74,5.41,2.52,0.00,4.37,0.00,9.03,5.74,5.74,False
448,9,18,7.62,6.02,2.11,1.00,4.73,1.36,9.83,5.62,13.40,False
448,10,10,13.45,10.49,2.52,3.32,6.12,3.10,13.04,7.54,13.36,False
448,11,1,14.66,12.77,4.32,3.24,6.73,4.00,14.18,9.52,11.97,False
448,12,15,9.14,6.94,4.0,2.88,3.65,1.91,8.14,4.85,9.28,False
448,13,4,9.03,8.40,0,2.52,4.00,2.52,9.03,5.74,7.59,False
448,14,6,16.51,14.57,4.48,3.24,5.48,3.91,9.87,9.02,15.50,False
448,15,3,14.54,13.18,4.0,2.47,7.39,2.47,11.84,9.40,15.08,False
448,16,13,17.56,15.05,5.96,4.00,5.96,5.96,8.82,6.62,8.82,False
448,17,11,16.25,16.00,1.93,2.19,5.63,2.65,10.43,6.47,8.45,False
448,18,9,6.61,6.27,2.19,1.76,5.03,2.19,8.46,6.60,14.26,False
448,19,5,8.41,7.77,0,2.19,3.93,2.19,8.41,4.20,4.20,False
448,20,16,10.47,9.01,0,2.67,3.65,2.67,10.47,4.97,4.97,False
448,21,12,15.61,12.61,5.9,4.20,5.90,4.20,7.48,5.13,6.97,False
448,22,8,24.41,22.80,4.22,4.22,4.73,4.22,7.83,5.62,7.84,False
448,23,17,10.36,8.14,2.52,2.12,6.04,0.92,13.65,8.51,12.20,False
448,24,2,11.02,9.83,0,2.57,4.16,3.24,11.02,5.88,5.88,False
449,1,19,9.57,7.36,2.11,2.27,5.26,2.27,11.78,7.12,7.12,False
449,2,22,7.42,5.36,2.47,0.00,5.26,2.52,10.70,7.42,9.26,False
449,3,20,6.74,5.45,2.52,0.00,4.89,2.57,10.03,6.74,8.18,False
449,4,14,4.82,3.52,4.02,0.00,4.30,1.91,12.46,4.82,4.96,False
449,5,7,8.46,6.93,3.89,1.91,6.27,1.91,12.42,8.46,13.12,False
449,6,23,8.64,7.46,2.52,0.00,6.05,0.00,11.94,8.64,8.64,False
449,7,21,8.34,6.22,2.47,0.00,5.90,2.52,11.63,8.34,8.34,False
449,8,24,5.74,4.60,2.52,0.00,4.37,0.00,9.03,5.74,5.74,False
449,9,18,7.46,5.40,3.65,1.91,5.00,2.25,9.83,5.62,13.40,False
449,10,10,7.54,5.57,2.67,0.00,5.46,2.52,13.04,7.54,13.36,False
449,11,1,13.38,9.85,2.88,2.26,6.73,2.27,14.18,9.52,11.97,False
449,12,15,4.85,3.22,2.47,0.00,3.56,2.37,8.14,4.85,9.28,False
449,13,4,5.74,5.27,2.52,0.00,4.00,0.92,9.03,5.74,7.59,False
449,14,6,9.07,7.46,2.88,2.26,5.48,2.88,9.87,9.02,15.50,False
449,15,3,9.40,7.53,2.88,0.00,6.89,2.57,11.84,9.40,15.08,False
449,16,13,6.62,5.33,2.11,0.00,5.03,2.11,8.82,6.62,8.82,False
449,17,11,6.47,5.38,1.98,0.00,5.63,1.91,10.43,6.47,8.45,False
449,18,9,6.61,5.24,2.19,0.00,5.03,2.19,8.46,6.60,14.26,False
449,19,5,4.21,3.82,2.19,0.00,3.49,0.00,8.41,4.20,4.20,False
449,20,16,4.97,3.51,2.67,0.00,3.58,0.00,10.47,4.97,4.97,False
449,21,12,5.13,4.16,1.98,0.00,4.40,0.92,7.48,5.13,6.97,False
449,22,8,5.63,4.23,2.11,0.00,4.73,2.11,7.83,5.62,7.84,False
449,23,17,8.52,7.31,2.57,1.76,6.04,2.12,13.65,8.51,12.20,False
449,24,2,5.88,4.87,2.57,0.00,4.16,1.76,11.02,5.88,5.88,False
450,1,19,11.31,10.08,5.0,3.24,5.90,3.24,11.78,7.12,7.12,False
450,2,22,9.87,7.83,4.0,2.88,5.26,4.20,10.70,7.42,9.26,False
450,3,20,6.74,6.06,2.52,0.00,4.89,2.57,10.03,6.74,8.18,False
450,4,14,4.82,4.94,4.02,0.00,4.30,1.91,12.46,4.82,4.96,False
450,5,7,10.07,7.65,1.98,2.59,6.27,1.65,12.42,8.46,13.12,False
450,6,23,24.33,19.26,3.65,5.00,6.24,5.00,11.94,8.64,8.64,True
450,7,21,14.75,12.17,4.0,2.88,5.90,5.00,11.63,8.34,8.34,False
450,8,24,5.74,4.95,2.52,0.00,4.37,0.00,9.03,5.74,5.74,False
450,9,18,18.54,16.96,4.22,4.22,4.73,3.87,9.83,5.62,13.40,False
450,10,10,15.55,13.13,2.52,2.67,6.12,2.67,13.04,7.54,13.36,False
450,11,1,11.36,10.02,5.0,3.24,6.73,4.00,14.18,9.52,11.97,False
450,12,15,13.10,10.78,4.0,3.39,4.27,3.39,8.14,4.85,9.28,False
450,13,4,22.77,19.97,3.39,5.17,4.00,5.00,9.03,5.74,7.59,True
450,14,6,9.87,8.58,0,3.65,5.48,3.10,9.87,9.02,15.50,False
450,15,3,9.40,7.62,2.88,0.00,6.89,2.57,11.84,9.40,15.08,False
450,16,13,14.27,12.23,5.96,4.00,5.96,5.96,8.82,6.62,8.82,False
450,17,11,8.45,7.02,3.89,1.91,5.87,1.91,10.43,6.47,8.45,False
450,18,9,16.49,12.12,4.02,4.02,5.03,3.51,8.46,6.60,14.26,False
450,19,5,4.21,3.73,2.19,0.00,3.49,0.00,8.41,4.20,4.20,False
450,20,16,17.89,15.64,4.76,3.87,3.87,3.87,10.47,4.97,4.97,False
450,21,12,22.79,21.08,3.9,2.15,4.40,1.98,7.48,5.13,6.97,True
450,22,8,7.60,5.63,2.11,0.99,4.73,2.11,7.83,5.62,7.84,False
450,23,17,15.18,9.84,4.32,2.27,6.04,3.51,13.65,8.51,12.20,False
450,24,2,5.88,3.86,3.24,1.76,4.16,0.00,11.02,5.88,5.88,False
451,1,19,11.31,10.54,5.0,3.24,5.90,3.24,11.78,7.12,7.12,False
451,2,22,35.65,28.78,4.0,4.02,5.26,4.22,10.70,7.42,9.26,True
451,3,20,6.74,6.18,2.52,0.00,4.89,2.57,10.03,6.74,8.18,False
451,4,14,13.92,11.95,5.26,3.24,4.30,3.87,12.46,4.82,4.96,False
451,5,7,10.15,8.61,3.23,0.84,6.27,2.09,12.42,8.46,13.12,False
451,6,23,14.45,12.67,3.65,5.00,6.24,5.00,11.94,8.64,8.64,False
451,7,21,16.61,13.07,3.65,2.88,5.90,5.00,11.63,8.34,8.34,False
451,8,24,16.50,15.67,2.65,4.76,4.37,4.76,9.03,5.74,5.74,False
451,9,18,9.83,8.60,0,2.11,4.73,2.67,9.83,5.62,13.40,False
451,10,10,14.95,13.77,4.76,2.65,5.55,3.87,13.04,7.54,13.36,False
451,11,1,21.98,19.49,4.73,3.24,6.73,4.00,14.18,9.52,11.97,True
451,12,15,7.30,6.09,2.67,2.16,3.65,0.99,8.14,4.85,9.28,False
451,13,4,39.93,31.28,3.65,5.17,4.30,5.08,9.03,5.74,7.59,True
451,14,6,9.87,8.23,0,3.65,5.48,3.10,9.87,9.02,15.50,False
451,15,3,11.25,11.72,5.0,2.57,7.39,2.47,11.84,9.40,15.08,False
451,16,13,17.56,15.25,5.96,4.00,5.96,5.96,8.82,6.62,8.82,False
451,17,11,19.91,18.82,5.26,4.02,6.26,2.67,10.43,6.47,8.45,False
451,18,9,18.94,15.64,6.0,5.00,6.12,4.20,8.46,6.60,14.26,False
451,19,5,8.41,7.86,0,2.19,3.93,2.19,8.41,4.20,4.20,False
451,20,16,21.75,17.38,3.87,3.87,4.00,3.87,10.47,4.97,4.97,False
451,21,12,7.48,7.33,0,1.98,4.40,2.65,7.48,5.13,6.97,False
451,22,8,7.84,6.66,0,2.11,4.73,2.11,7.83,5.62,7.84,False
451,23,17,34.89,30.09,4.0,4.00,6.04,4.30,13.65,8.51,12.20,True
451,24,2,13.00,11.66,1.91,2.75,4.16,3.24,11.02,5.88,5.88,False
