TrialOrder,TrialID,AngleResponse,AngleCorr,AngError,Start,End,RT,ID,AngErrorAbs
4,1,131.257,139.8627,-8.605699999999985, Well, Stove,13.31067,438,8.605699999999985
13,2,-109.179,-49.85279,-59.32621, Wheelbarrow, Stove,5.00415,438,59.32621
11,3,-98.56911,-36.09407,-62.47503999999999, Mailbox, Piano,13.92798,438,62.47503999999999
12,4,142.275,-2.913495,145.18849500000002, Harp, Piano,8.67395,438,145.18849500000002
21,5,48.67446,-121.5305,170.20496, Bookshelf, Table,7.506348,438,170.20496
10,6,44.99997,24.73069,20.26928, Chair, Table,21.80139,438,20.26928
9,7,-88.82687,-156.2066,67.37973000000001, Trashcan, Plant,15.26251,438,67.37973000000001
16,8,161.1881,108.8188,52.3693, Harp, Plant,7.389404,438,52.3693
1,9,123.5213,151.2295,-27.708200000000005, Stove, Bookshelf,8.089111,438,27.708200000000005
2,10,127.0362,-155.7204,282.7566, Plant, Bookshelf,6.471985,438,77.24340000000001
17,11,132.1579,10.1685,121.98940000000002, Telescope, Trashcan,10.09131,438,121.98940000000002
3,12,143.514,-13.0517,156.56570000000002, Table, Trashcan,7.523193,438,156.56570000000002
24,13,74.5388,156.9717,-82.4329, Well, Telescope,7.556274,438,82.4329
23,14,-65.42603,0.0,-65.42603, Wheelbarrow, Telescope,13.66125,438,65.42603
6,15,-145.7131,-20.9935,-124.7196, Mailbox, Wheelbarrow,9.724548,438,124.7196
8,16,-77.29285,-141.7693,64.47644999999999, Plant, Wheelbarrow,7.856506,438,64.47644999999999
19,17,101.31,146.6573,-45.34729999999999, Stove, Harp,4.687378,438,45.34729999999999
18,18,75.96373,-4.299151,80.262881, Telescope, Harp,9.224487,438,80.262881
14,19,-131.1859,-47.17128,-84.01462000000001, Table, Well,6.822632,438,84.01462000000001
7,20,-131.1859,8.961795,-140.147695, Piano, Well,16.84723,438,140.147695
20,21,-81.93306,-146.2155,64.28244, Trashcan, Mailbox,24.83679,438,64.28244
15,22,132.0134,-51.54441,183.55781, Bookshelf, Mailbox,16.27954,438,176.44219
22,23,-138.814,-10.49368,-128.32031999999998, Piano, Chair,9.074097,438,128.32031999999998
5,24,-110.8929,-125.6807,14.787800000000004, Trashcan, Chair,4.587036,438,14.787800000000004
1,7,-77.47121,-156.2066,78.73538, Trashcan, Plant,18.56519,444,78.73538
2,4,25.65926,-2.913495,28.57276, Harp, Piano,5.454391,444,28.57276
3,13,-156.4599,156.9717,-313.4316, Well, Telescope,6.688934,444,46.5684
4,21,-120.4111,-146.2155,25.80447, Trashcan, Mailbox,10.94221,444,25.80447
5,8,119.6499,108.8188,10.83106, Harp, Plant,3.753052,444,10.83106
6,17,-130.272,146.6573,-276.9293, Stove, Harp,3.836639,444,83.07069999999999
7,24,147.9381,-125.6807,273.6188, Trashcan, Chair,5.070938,444,86.38119999999998
8,20,62.6223,8.961795,53.66051, Piano, Well,8.390121,444,53.66051
9,11,-103.3487,10.1685,-113.5172, Telescope, Trashcan,2.502075,444,113.5172
10,18,-151.8763,-4.299151,-147.5771, Telescope, Harp,2.068527,444,147.5771
11,1,-149.6419,139.8627,-289.5046, Well, Stove,3.319229,444,70.49540000000002
12,19,-37.72499,-47.17128,9.446285, Table, Well,6.972382,444,9.446285
13,6,26.83403,24.73069,2.103348, Chair, Table,3.552887,444,2.103348
14,22,109.2496,-51.54441,160.794, Bookshelf, Mailbox,1.551346,444,160.794
15,3,-88.01134,-36.09407,-51.91727, Mailbox, Piano,2.802399,444,51.91727
16,14,169.992,0.0,169.992, Wheelbarrow, Telescope,1.818069,444,169.992
17,2,-53.13014,-49.85279,-3.277351, Wheelbarrow, Stove,1.634659,444,3.277351
18,12,129.8055,-13.0517,142.8572, Table, Trashcan,2.618988,444,142.8572
19,15,-146.0105,-20.9935,-125.017, Mailbox, Wheelbarrow,2.201721,444,125.017
20,5,26.21136,-121.5305,147.7419, Bookshelf, Table,4.370224,444,147.7419
21,23,168.518,-10.49368,179.0117, Piano, Chair,4.270157,444,179.0117
22,16,-48.71521,-141.7693,93.05411, Plant, Wheelbarrow,2.201904,444,93.05411
23,9,159.2059,151.2295,7.976349, Stove, Bookshelf,5.154114,444,7.976349
24,10,137.7263,-155.7204,293.4467, Plant, Bookshelf,5.470963,444,66.55329999999998
1,1,-58.17259,139.8627,-198.0352, Well, Stove,12.79388,443,161.9648
2,4,-168.69,-2.913495,-165.7765, Harp, Piano,3.736389,443,165.7765
3,13,61.64502,156.9717,-95.32668, Well, Telescope,1.934814,443,95.32668
4,5,-126.7901,-121.5305,-5.259575, Bookshelf, Table,1.968262,443,5.259575
5,17,-167.6722,146.6573,-314.3295, Stove, Harp,2.352051,443,45.670500000000004
6,22,131.6933,-51.54441,183.2377, Bookshelf, Mailbox,1.951477,443,176.7623
7,6,-44.99992,24.73069,-69.73061, Chair, Table,1.835083,443,69.73061
8,21,113.2557,-146.2155,259.4713, Trashcan, Mailbox,1.918091,443,100.52870000000001
9,14,-149.3814,0.0,-149.3814, Wheelbarrow, Telescope,2.752258,443,149.3814
10,15,-175.4861,-20.9935,-154.4926, Mailbox, Wheelbarrow,3.219299,443,154.4926
11,23,37.25528,-10.49368,47.74897, Piano, Chair,3.102722,443,47.74897
12,7,22.67137,-156.2066,178.878, Trashcan, Plant,2.468323,443,178.878
13,2,-174.3518,-49.85279,-124.499, Wheelbarrow, Stove,2.368774,443,124.499
14,19,144.6052,-47.17128,191.7765, Table, Well,3.002441,443,168.2235
15,18,-77.47128,-4.299151,-73.17213, Telescope, Harp,4.170105,443,73.17213
16,3,51.51978,-36.09407,87.61385, Mailbox, Piano,3.152588,443,87.61385
17,11,45.41222,10.1685,35.24372, Telescope, Trashcan,3.102661,443,35.24372
18,9,-125.0737,151.2295,-276.3033, Stove, Bookshelf,5.504456,443,83.69670000000002
19,10,126.573,-155.7204,282.2935, Plant, Bookshelf,3.235901,443,77.7065
20,24,135.8952,-125.6807,261.5759, Trashcan, Chair,4.553833,443,98.42410000000001
21,20,74.47588,8.961795,65.51409, Piano, Well,3.269287,443,65.51409
22,16,-65.9657,-141.7693,75.80362, Plant, Wheelbarrow,3.169556,443,75.80362
23,12,53.45893,-13.0517,66.51063, Table, Trashcan,2.151428,443,66.51063
24,8,-159.8483,108.8188,-268.6671, Harp, Plant,2.769043,443,91.3329
1,20,-87.79742,8.961795,-96.75921, Piano, Well,18.66538,442,96.75921
2,15,97.00545,-20.9935,117.9989, Mailbox, Wheelbarrow,13.69452,442,117.9989
3,13,-103.7515,156.9717,-260.7232, Well, Telescope,10.82564,442,99.27679999999998
4,23,162.4972,-10.49368,172.9909, Piano, Chair,4.503632,442,172.9909
5,6,48.98251,24.73069,24.25182, Chair, Table,10.59206,442,24.25182
6,19,-134.829,-47.17128,-87.6577, Table, Well,17.3643,442,87.6577
7,5,-77.25472,-121.5305,44.2758, Bookshelf, Table,18.38181,442,44.2758
8,17,-92.74809,146.6573,-239.4053, Stove, Harp,6.02211,442,120.59469999999999
9,2,120.0897,-49.85279,169.9425, Wheelbarrow, Stove,5.087067,442,169.9425
10,18,-18.59324,-4.299151,-14.29408, Telescope, Harp,14.5285,442,14.29408
11,12,124.9755,-13.0517,138.0272, Table, Trashcan,8.307053,442,138.0272
12,3,-40.41203,-36.09407,-4.317959, Mailbox, Piano,6.572983,442,4.317959
13,11,43.96466,10.1685,33.79615, Telescope, Trashcan,4.669418,442,33.79615
14,4,145.4207,-2.913495,148.3342, Harp, Piano,3.269379,442,148.3342
15,8,123.1632,108.8188,14.34441, Harp, Plant,4.937347,442,14.34441
16,9,-114.2784,151.2295,-265.5079, Stove, Bookshelf,11.69296,442,94.4921
17,7,100.1154,-156.2066,256.322, Trashcan, Plant,3.519592,442,103.678
18,1,105.4222,139.8627,-34.4405, Well, Stove,6.371796,442,34.4405
19,16,-59.25276,-141.7693,82.51656, Plant, Wheelbarrow,6.889099,442,82.51656
20,24,152.1524,-125.6807,277.8331, Trashcan, Chair,5.621124,442,82.1669
21,22,-121.4073,-51.54441,-69.86284, Bookshelf, Mailbox,3.986694,442,69.86284
22,10,-41.63354,-155.7204,114.0869, Plant, Bookshelf,38.4982,442,114.0869
23,14,137.4248,0.0,137.4248, Wheelbarrow, Telescope,4.620636,442,137.4248
24,21,-135.0,-146.2155,11.21555, Trashcan, Mailbox,11.09293,442,11.21555
1,8,90.30639,108.8188,-18.51242, Harp, Plant,27.48914,446,18.51242
2,6,18.84129,24.73069,-5.889399, Chair, Table,17.44766,446,5.889399
3,19,-27.5528,-47.17128,19.61847, Table, Well,19.8996,446,19.61847
4,12,-16.67504,-13.0517,-3.623336, Table, Trashcan,11.57623,446,3.623336
5,22,-34.1932,-51.54441,17.35122, Bookshelf, Mailbox,14.89557,446,17.35122
6,3,-23.48876,-36.09407,12.60531, Mailbox, Piano,7.622803,446,12.60531
7,11,-22.40985,10.1685,-32.57836, Telescope, Trashcan,16.99741,446,32.57836
8,24,-106.9755,-125.6807,18.7052, Trashcan, Chair,14.71204,446,18.7052
9,9,144.0902,151.2295,-7.139328, Stove, Bookshelf,16.91397,446,7.139328
10,15,-20.74607,-20.9935,0.2474251, Mailbox, Wheelbarrow,18.59857,446,0.2474251
11,23,-177.8789,-10.49368,-167.3852, Piano, Chair,32.15979,446,167.3852
12,1,139.2427,139.8627,-0.6199951, Well, Stove,31.07553,446,0.6199951
13,21,-133.884,-146.2155,12.33157, Trashcan, Mailbox,15.84625,446,12.33157
14,7,-149.6208,-156.2066,6.585739, Trashcan, Plant,8.790649,446,6.585739
15,10,-157.6938,-155.7204,-1.973373, Plant, Bookshelf,20.23328,446,1.973373
16,16,-144.1178,-141.7693,-2.34848, Plant, Wheelbarrow,23.13562,446,2.34848
17,4,-2.56025,-2.913495,0.3532448, Harp, Piano,24.32007,446,0.3532448
18,20,-137.9903,8.961795,-146.9521, Piano, Well,22.40173,446,146.9521
19,14,-12.29857,0.0,-12.29857, Wheelbarrow, Telescope,28.72357,446,12.29857
20,5,-116.1183,-121.5305,5.412216, Bookshelf, Table,42.03461,446,5.412216
21,13,156.6891,156.9717,-0.2826233, Well, Telescope,35.31226,446,0.2826233
22,2,-21.43963,-49.85279,28.41316, Wheelbarrow, Stove,19.1156,446,28.41316
23,18,-15.30086,-4.299151,-11.00171, Telescope, Harp,24.73706,446,11.00171
24,17,140.0796,146.6573,-6.577667, Stove, Harp,19.16577,446,6.577667
1,1,40.35366,139.8627,-99.50904, Well, Stove,19.09905,401,99.50904
24,2,-34.38037,-49.85279,15.47242, Wheelbarrow, Stove,6.071747,401,15.47242
14,3,48.39974,-36.09407,84.49381, Mailbox, Piano,8.156647,401,84.49381
22,4,129.4851,-2.913495,132.398595, Harp, Piano,16.94705,401,132.398595
19,5,157.3801,-121.5305,278.9106, Bookshelf, Table,7.172729,401,81.08940000000001
6,6,37.87497,24.73069,13.144279999999998, Chair, Table,7.906578,401,13.144279999999998
23,7,-91.06092,-156.2066,65.14568000000001, Trashcan, Plant,3.235962,401,65.14568000000001
2,8,159.1284,108.8188,50.3096, Harp, Plant,7.122574,401,50.3096
15,9,84.38641,151.2295,-66.84309, Stove, Bookshelf,14.12845,401,66.84309
4,10,-102.1622,-155.7204,53.558200000000014, Plant, Bookshelf,13.32768,401,53.558200000000014
18,11,39.21761,10.1685,29.04911, Telescope, Trashcan,14.01147,401,29.04911
17,12,35.7355,-13.0517,48.7872, Table, Trashcan,19.66635,401,48.7872
3,13,65.52383,156.9717,-91.44787, Well, Telescope,15.6794,401,91.44787
12,14,149.5514,0.0,149.5514, Wheelbarrow, Telescope,21.41757,401,149.5514
21,15,66.12923,-20.9935,87.12273, Mailbox, Wheelbarrow,6.305374,401,87.12273
13,16,48.39974,-141.7693,190.16904, Plant, Wheelbarrow,7.639618,401,169.83096
16,17,110.7416,146.6573,-35.91569999999999, Stove, Harp,18.84866,401,35.91569999999999
7,18,28.43274,-4.299151,32.731891, Telescope, Harp,11.34293,401,32.731891
9,19,-50.22593,-47.17128,-3.054649999999995, Table, Well,10.95918,401,3.054649999999995
20,20,-49.04019,8.961795,-58.001985000000005, Piano, Well,13.44434,401,58.001985000000005
10,21,-87.10143,-146.2155,59.11407, Trashcan, Mailbox,8.45668,401,59.11407
11,22,-141.8212,-51.54441,-90.27679, Bookshelf, Mailbox,11.17616,401,90.27679
8,23,-128.991,-10.49368,-118.49732000000002, Piano, Chair,13.24377,401,118.49732000000002
5,24,-57.43712,-125.6807,68.24358000000001, Trashcan, Chair,10.1583,401,68.24358000000001
1,20,-49.0686,8.961795,-58.03039, Piano, Well,16.73042,440,58.03039
2,12,144.0476,-13.0517,157.0993, Table, Trashcan,11.2593,440,157.0993
3,24,165.864,-125.6807,291.5447, Trashcan, Chair,12.14311,440,68.45530000000002
4,13,-136.9946,156.9717,-293.9662, Well, Telescope,7.089523,440,66.03379999999999
5,8,-150.1011,108.8188,-258.9199, Harp, Plant,12.64354,440,101.08010000000002
6,14,139.6355,0.0,139.6355, Wheelbarrow, Telescope,7.239243,440,139.6355
7,21,157.8906,-146.2155,304.1061, Trashcan, Mailbox,20.98383,440,55.893899999999974
8,19,23.00885,-47.17128,70.18013, Table, Well,8.857338,440,70.18013
9,7,-158.3177,-156.2066,-2.11113, Trashcan, Plant,9.257622,440,2.11113
10,22,-65.22489,-51.54441,-13.68048, Bookshelf, Mailbox,22.13485,440,13.68048
11,16,27.34988,-141.7693,169.1192, Plant, Wheelbarrow,11.2424,440,169.1192
12,4,47.72632,-2.913495,50.63981, Harp, Piano,18.93231,440,50.63981
13,23,-151.5178,-10.49368,-141.0241, Piano, Chair,13.39452,440,141.0241
14,5,122.4712,-121.5305,244.0017, Bookshelf, Table,7.889465,440,115.9983
15,15,-35.38032,-20.9935,-14.38682, Mailbox, Wheelbarrow,14.66223,440,14.38682
16,10,-20.89084,-155.7204,134.8296, Plant, Bookshelf,10.14166,440,134.8296
17,2,172.0304,-49.85279,221.8832, Wheelbarrow, Stove,9.040634,440,138.1168
18,9,-129.5881,151.2295,-280.8176, Stove, Bookshelf,7.889862,440,79.18239999999997
19,3,32.68055,-36.09407,68.77463, Mailbox, Piano,8.490402,440,68.77463
20,17,-146.4337,146.6573,-293.091, Stove, Harp,7.022446,440,66.90899999999999
21,1,142.0165,139.8627,2.15387, Well, Stove,11.07574,440,2.15387
22,11,32.31958,10.1685,22.15108, Telescope, Trashcan,7.105743,440,22.15108
23,18,11.15466,-4.299151,15.45381, Telescope, Harp,11.00909,440,15.45381
24,6,29.56038,24.73069,4.829689, Chair, Table,16.76373,440,4.829689
1,20,149.9314,8.961795,140.9696, Piano, Well,17.13055,445,140.9696
2,10,-139.7795,-155.7204,15.94095, Plant, Bookshelf,9.8414,445,15.94095
3,11,-84.80553,10.1685,-94.97403, Telescope, Trashcan,22.55188,445,94.97403
4,3,-151.2274,-36.09407,-115.1333, Mailbox, Piano,8.023132,445,115.1333
5,16,147.1443,-141.7693,288.9136, Plant, Wheelbarrow,8.840668,445,71.08640000000003
6,13,147.8244,156.9717,-9.147308, Well, Telescope,10.17511,445,9.147308
7,24,-164.3578,-125.6807,-38.67706, Trashcan, Chair,9.407684,445,38.67706
8,14,-87.07267,0.0,-87.07267, Wheelbarrow, Telescope,8.757141,445,87.07267
9,5,-147.1792,-121.5305,-25.64864, Bookshelf, Table,6.855682,445,25.64864
10,12,-143.7462,-13.0517,-130.6945, Table, Trashcan,19.89975,445,130.6945
11,19,126.9606,-47.17128,174.1319, Table, Well,16.34668,445,174.1319
12,1,-145.7131,139.8627,-285.5758, Well, Stove,9.090912,445,74.42419999999998
13,4,-122.6115,-2.913495,-119.698, Harp, Piano,6.788696,445,119.698
14,15,-120.8609,-20.9935,-99.86739, Mailbox, Wheelbarrow,17.36444,445,99.86739
15,18,54.16234,-4.299151,58.46149, Telescope, Harp,6.104858,445,58.46149
16,2,-148.815,-49.85279,-98.96224, Wheelbarrow, Stove,5.387878,445,98.96224
17,22,-130.5655,-51.54441,-79.02109, Bookshelf, Mailbox,7.089111,445,79.02109
18,21,74.86864,-146.2155,221.0842, Trashcan, Mailbox,6.905884,445,138.9158
19,7,-155.6954,-156.2066,0.5111389, Trashcan, Plant,6.87207,445,0.5111389
20,17,113.2498,146.6573,-33.40745, Stove, Harp,5.754761,445,33.40745
21,6,-152.4709,24.73069,-177.2016, Chair, Table,7.155945,445,177.2016
22,23,144.9406,-10.49368,155.4343, Piano, Chair,15.44574,445,155.4343
23,9,-147.4029,151.2295,-298.6324, Stove, Bookshelf,6.505798,445,61.36759999999998
24,8,133.5185,108.8188,24.69973, Harp, Plant,4.636902,445,24.69973
12,1,120.9638,139.8627,-18.898899999999983, Well, Stove,7.172668,439,18.898899999999983
13,2,-38.73867,-49.85279,11.11412, Wheelbarrow, Stove,6.922363,439,11.11412
8,3,-24.85374,-36.09407,11.240330000000004, Mailbox, Piano,10.4588,439,11.240330000000004
23,4,6.115518,-2.913495,9.029013, Harp, Piano,14.979,439,9.029013
22,5,-26.07535,-121.5305,95.45515, Bookshelf, Table,14.49524,439,95.45515
11,6,39.3485,24.73069,14.617810000000002, Chair, Table,19.19897,439,14.617810000000002
2,7,-140.1266,-156.2066,16.080000000000013, Trashcan, Plant,6.221313,439,16.080000000000013
6,8,93.60631,108.8188,-15.212490000000004, Harp, Plant,7.105957,439,15.212490000000004
3,9,24.42309,151.2295,-126.80641, Stove, Bookshelf,4.470703,439,126.80641
10,10,-160.8419,-155.7204,-5.1214999999999975, Plant, Bookshelf,10.60876,439,5.1214999999999975
14,11,6.832366,10.1685,-3.3361339999999995, Telescope, Trashcan,4.086548,439,3.3361339999999995
1,12,0.0,-13.0517,13.0517, Table, Trashcan,21.6344,439,13.0517
24,13,136.4203,156.9717,-20.5514, Well, Telescope,10.39191,439,20.5514
4,14,159.6011,0.0,159.6011, Wheelbarrow, Telescope,9.25769,439,159.6011
18,15,-39.1605,-20.9935,-18.167, Mailbox, Wheelbarrow,7.456116,439,18.167
9,16,-144.7149,-141.7693,-2.945600000000013, Plant, Wheelbarrow,10.67542,439,2.945600000000013
16,17,128.5765,146.6573,-18.080799999999986, Stove, Harp,8.073303,439,18.080799999999986
15,18,-10.87623,-4.299151,-6.577079, Telescope, Harp,5.554688,439,6.577079
5,19,-13.9812,-47.17128,33.19008, Table, Well,10.09149,439,33.19008
17,20,29.89891,8.961795,20.937115, Piano, Well,14.77881,439,20.937115
20,21,125.1286,-146.2155,271.3441, Trashcan, Mailbox,17.96478,439,88.65589999999997
7,22,-16.54299,-51.54441,35.00142, Bookshelf, Mailbox,5.304199,439,35.00142
19,23,14.18763,-10.49368,24.68131, Piano, Chair,9.54126,439,24.68131
21,24,-136.3191,-125.6807,-10.63839999999999, Trashcan, Chair,4.737183,439,10.63839999999999
22,1,131.0033,139.8627,-8.859399999999994, Well, Stove,10.50861,402,8.859399999999994
18,2,-53.90902,-49.85279,-4.056229999999999, Wheelbarrow, Stove,5.170776,402,4.056229999999999
21,3,-134.4974,-36.09407,-98.40333, Mailbox, Piano,32.12604,402,98.40333
17,4,13.37996,-2.913495,16.293455, Harp, Piano,15.36243,402,16.293455
24,5,163.8812,-121.5305,285.4117, Bookshelf, Table,11.47565,402,74.5883
6,6,29.22806,24.73069,4.49737, Chair, Table,15.59671,402,4.49737
4,7,-146.517,-156.2066,9.689600000000013, Trashcan, Plant,6.171875,402,9.689600000000013
3,8,118.8196,108.8188,10.000799999999998, Harp, Plant,17.66467,402,10.000799999999998
20,9,126.8981,151.2295,-24.3314, Stove, Bookshelf,5.304749,402,24.3314
19,10,-137.0,-155.7204,18.72040000000001, Plant, Bookshelf,5.838257,402,18.72040000000001
8,11,8.254761,10.1685,-1.913739, Telescope, Trashcan,16.73041,402,1.913739
7,12,-29.28574,-13.0517,-16.23404, Table, Trashcan,5.704285,402,16.23404
5,13,136.2668,156.9717,-20.70490000000001, Well, Telescope,18.44806,402,20.70490000000001
16,14,12.5739,0.0,12.5739, Wheelbarrow, Telescope,12.09348,402,12.5739
12,15,-35.24757,-20.9935,-14.254070000000002, Mailbox, Wheelbarrow,6.005127,402,14.254070000000002
23,16,-131.9335,-141.7693,9.835799999999978, Plant, Wheelbarrow,8.140625,402,9.835799999999978
14,17,122.3536,146.6573,-24.303699999999992, Stove, Harp,10.00833,402,24.303699999999992
15,18,-41.33962,-4.299151,-37.040469, Telescope, Harp,7.105804,402,37.040469
13,19,-48.95424,-47.17128,-1.7829599999999957, Table, Well,9.590912,402,1.7829599999999957
1,20,21.48783,8.961795,12.526034999999998, Piano, Well,13.61142,402,12.526034999999998
10,21,-168.3985,-146.2155,-22.18300000000002, Trashcan, Mailbox,15.49628,402,22.18300000000002
2,22,-35.31121,-51.54441,16.233199999999997, Bookshelf, Mailbox,19.58252,402,16.233199999999997
9,23,-17.86012,-10.49368,-7.366439999999999, Piano, Chair,7.339355,402,7.366439999999999
11,24,-128.9623,-125.6807,-3.2815999999999974, Trashcan, Chair,7.672913,402,3.2815999999999974
23,1,141.8212,139.8627,1.958500000000015, Well, Stove,12.94385,403,1.958500000000015
9,2,-50.73338,-49.85279,-0.880589999999998, Wheelbarrow, Stove,7.77301,403,0.880589999999998
17,3,-23.5104,-36.09407,12.58367, Mailbox, Piano,13.64465,403,12.58367
24,4,2.560326,-2.913495,5.473821, Harp, Piano,16.61371,403,5.473821
10,5,-76.74628,-121.5305,44.784220000000005, Bookshelf, Table,16.9137,403,44.784220000000005
22,6,11.52374,24.73069,-13.20695, Chair, Table,18.38184,403,13.20695
13,7,-148.7508,-156.2066,7.455800000000011, Trashcan, Plant,12.15991,403,7.455800000000011
16,8,112.2205,108.8188,3.4017000000000053, Harp, Plant,13.91138,403,3.4017000000000053
6,9,120.9638,151.2295,-30.265699999999995, Stove, Bookshelf,17.49756,403,30.265699999999995
7,10,-120.551,-155.7204,35.16940000000001, Plant, Bookshelf,70.59152,403,35.16940000000001
12,11,155.7628,10.1685,145.5943, Telescope, Trashcan,20.3504,403,145.5943
14,12,-16.99083,-13.0517,-3.939129999999999, Table, Trashcan,11.22601,403,3.939129999999999
1,13,161.7055,156.9717,4.733800000000002, Well, Telescope,16.94754,403,4.733800000000002
21,14,-123.9511,0.0,-123.9511, Wheelbarrow, Telescope,8.707153,403,123.9511
4,15,-16.40402,-20.9935,4.589480000000002, Mailbox, Wheelbarrow,12.56012,403,4.589480000000002
15,16,-12.52879,-141.7693,129.24050999999997, Plant, Wheelbarrow,12.7605,403,129.24050999999997
18,17,117.3043,146.6573,-29.352999999999994, Stove, Harp,12.91058,403,29.352999999999994
11,18,150.2126,-4.299151,154.511751, Telescope, Harp,18.6322,403,154.511751
19,19,-31.26373,-47.17128,15.907550000000004, Table, Well,7.472839,403,15.907550000000004
2,20,12.52881,8.961795,3.567015, Piano, Well,19.28259,403,3.567015
20,21,-123.9511,-146.2155,22.264399999999995, Trashcan, Mailbox,47.83942,403,22.264399999999995
8,22,-15.70099,-51.54441,35.84342, Bookshelf, Mailbox,17.26398,403,35.84342
3,23,-28.31845,-10.49368,-17.82477, Piano, Chair,18.71527,403,17.82477
5,24,-148.1931,-125.6807,-22.512399999999985, Trashcan, Chair,67.52252,403,22.512399999999985
9,1,124.0806,139.8627,-15.782099999999986, Well, Stove,8.973969,404,15.782099999999986
12,2,-19.74684,-49.85279,30.10595, Wheelbarrow, Stove,7.573196,404,30.10595
10,3,26.56505,-36.09407,62.65912, Mailbox, Piano,14.61192,404,62.65912
6,4,7.86055,-2.913495,10.774045, Harp, Piano,7.473099,404,10.774045
2,5,-90.0,-121.5305,31.530500000000004, Bookshelf, Table,23.91948,404,31.530500000000004
13,6,3.972467,24.73069,-20.758223, Chair, Table,8.473389,404,20.758223
4,7,-143.8361,-156.2066,12.37050000000002, Trashcan, Plant,7.98999,404,12.37050000000002
11,8,120.8524,108.8188,12.033600000000009, Harp, Plant,8.890671,404,12.033600000000009
21,9,163.732,151.2295,12.502499999999998, Stove, Bookshelf,4.236938,404,12.502499999999998
24,10,-147.4042,-155.7204,8.31620000000001, Plant, Bookshelf,14.81161,404,8.31620000000001
14,11,5.259262,10.1685,-4.909238, Telescope, Trashcan,8.240112,404,4.909238
3,12,-4.243902,-13.0517,8.807798, Table, Trashcan,8.039993,404,8.807798
18,13,146.853,156.9717,-10.11869999999999, Well, Telescope,15.34573,404,10.11869999999999
5,14,-143.8361,0.0,-143.8361, Wheelbarrow, Telescope,6.338242,404,143.8361
1,15,15.4146,-20.9935,36.408100000000005, Mailbox, Wheelbarrow,19.98325,404,36.408100000000005
23,16,-107.29,-141.7693,34.47929999999998, Plant, Wheelbarrow,22.30188,404,34.47929999999998
20,17,143.6454,146.6573,-3.011899999999997, Stove, Harp,8.773987,404,3.011899999999997
17,18,-14.33107,-4.299151,-10.031919, Telescope, Harp,9.607819,404,10.031919
22,19,-29.00532,-47.17128,18.16596, Table, Well,14.69537,404,18.16596
15,20,8.28373,8.961795,-0.6780650000000001, Piano, Well,13.97812,404,0.6780650000000001
16,21,166.856,-146.2155,313.0715, Trashcan, Mailbox,9.624695,404,46.928499999999985
19,22,-70.5053,-51.54441,-18.960890000000006, Bookshelf, Mailbox,8.040009,404,18.960890000000006
8,23,-18.55023,-10.49368,-8.05655, Piano, Chair,9.424515,404,8.05655
7,24,-134.382,-125.6807,-8.701300000000003, Trashcan, Chair,5.654556,404,8.701300000000003
16,1,149.7435,139.8627,9.880800000000022, Well, Stove,8.273468,407,9.880800000000022
9,2,-42.97852,-49.85279,6.874269999999996, Wheelbarrow, Stove,5.787933,407,6.874269999999996
8,3,-42.76877,-36.09407,-6.674700000000001, Mailbox, Piano,6.538483,407,6.674700000000001
24,4,-57.45001,-2.913495,-54.536515, Harp, Piano,5.57132,407,54.536515
15,5,-90.45473,-121.5305,31.07577000000001, Bookshelf, Table,8.640472,407,31.07577000000001
20,6,47.62644,24.73069,22.895750000000003, Chair, Table,6.155029,407,22.895750000000003
12,7,-123.2066,-156.2066,33.000000000000014, Trashcan, Plant,13.64468,407,33.000000000000014
6,8,132.7395,108.8188,23.9207, Harp, Plant,6.905548,407,23.9207
2,9,167.6446,151.2295,16.415099999999995, Stove, Bookshelf,5.771576,407,16.415099999999995
4,10,-161.2414,-155.7204,-5.520999999999987, Plant, Bookshelf,6.438568,407,5.520999999999987
5,11,-161.2414,10.1685,-171.4099, Telescope, Trashcan,6.922302,407,171.4099
18,12,8.880622,-13.0517,21.932322, Table, Trashcan,8.707153,407,21.932322
17,13,169.2157,156.9717,12.244, Well, Telescope,4.770477,407,12.244
22,14,-0.8182884,0.0,-0.8182884, Wheelbarrow, Telescope,13.1608,407,0.8182884
23,15,-57.45001,-20.9935,-36.45651, Mailbox, Wheelbarrow,9.941345,407,36.45651
7,16,-179.5058,-141.7693,-37.73650000000001, Plant, Wheelbarrow,13.79486,407,37.73650000000001
13,17,137.375,146.6573,-9.282299999999992, Stove, Harp,5.070587,407,9.282299999999992
1,18,-40.63842,-4.299151,-36.339269, Telescope, Harp,11.09248,407,36.339269
14,19,-39.80553,-47.17128,7.365750000000006, Table, Well,12.07684,407,7.365750000000006
11,20,10.71311,8.961795,1.751315, Piano, Well,8.390045,407,1.751315
3,21,-135.8303,-146.2155,10.385199999999998, Trashcan, Mailbox,10.17505,407,10.385199999999998
19,22,-40.815,-51.54441,10.72941, Bookshelf, Mailbox,7.923218,407,10.72941
21,23,47.62644,-10.49368,58.12012, Piano, Chair,7.672852,407,58.12012
10,24,-111.413,-125.6807,14.267700000000003, Trashcan, Chair,7.873444,407,14.267700000000003
7,1,142.6961,139.8627,2.833400000000012, Well, Stove,8.924072,405,2.833400000000012
12,2,-25.12185,-49.85279,24.73094, Wheelbarrow, Stove,4.587097,405,24.73094
3,3,-25.10775,-36.09407,10.986320000000005, Mailbox, Piano,14.32837,405,10.986320000000005
16,4,54.49403,-2.913495,57.407525, Harp, Piano,7.623016,405,57.407525
21,5,-90.0,-121.5305,31.530500000000004, Bookshelf, Table,10.52539,405,31.530500000000004
18,6,45.59888,24.73069,20.86819, Chair, Table,13.47784,405,20.86819
6,7,-159.7751,-156.2066,-3.5685, Trashcan, Plant,12.41013,405,3.5685
19,8,49.66335,108.8188,-59.15545, Harp, Plant,14.82886,405,59.15545
20,9,135.1969,151.2295,-16.032600000000002, Stove, Bookshelf,22.21829,405,16.032600000000002
4,10,-160.1002,-155.7204,-4.379799999999989, Plant, Bookshelf,19.56619,405,4.379799999999989
22,11,-0.6584912,10.1685,-10.8269912, Telescope, Trashcan,8.423401,405,10.8269912
8,12,142.6961,-13.0517,155.7478, Table, Trashcan,8.006592,405,155.7478
13,13,172.2468,156.9717,15.275100000000007, Well, Telescope,11.10913,405,15.275100000000007
9,14,142.6961,0.0,142.6961, Wheelbarrow, Telescope,6.671844,405,142.6961
11,15,0.0,-20.9935,20.9935, Mailbox, Wheelbarrow,27.52258,405,20.9935
1,16,-150.2104,-141.7693,-8.441100000000006, Plant, Wheelbarrow,31.42587,405,8.441100000000006
17,17,143.8116,146.6573,-2.8456999999999937, Stove, Harp,21.11743,405,2.8456999999999937
5,18,-8.692805,-4.299151,-4.393654, Telescope, Harp,37.23062,405,4.393654
23,19,-33.62937,-47.17128,13.54191, Table, Well,9.307556,405,13.54191
24,20,36.57304,8.961795,27.611245, Piano, Well,11.17603,405,27.611245
14,21,-142.6211,-146.2155,3.594399999999979, Trashcan, Mailbox,14.62872,405,3.594399999999979
15,22,-42.93451,-51.54441,8.609899999999996, Bookshelf, Mailbox,13.2608,405,8.609899999999996
2,23,-150.2104,-10.49368,-139.71671999999998, Piano, Chair,12.02655,405,139.71671999999998
10,24,-110.2565,-125.6807,15.4242, Trashcan, Chair,10.72574,405,15.4242
24,1,131.7845,139.8627,-8.078199999999981, Well, Stove,10.45856,409,8.078199999999981
8,2,-27.49076,-49.85279,22.36203, Wheelbarrow, Stove,5.337646,409,22.36203
3,3,-25.77542,-36.09407,10.318650000000002, Mailbox, Piano,8.423706,409,10.318650000000002
19,4,55.04934,-2.913495,57.962835, Harp, Piano,8.0896,409,57.962835
1,5,88.88543,-121.5305,210.41593, Bookshelf, Table,23.86981,409,149.58407
16,6,26.27423,24.73069,1.54354, Chair, Table,10.99225,409,1.54354
20,7,-138.8471,-156.2066,17.359499999999997, Trashcan, Plant,14.09473,409,17.359499999999997
5,8,-5.710588,108.8188,-114.529388, Harp, Plant,13.07721,409,114.529388
22,9,156.3706,151.2295,5.1410999999999945, Stove, Bookshelf,16.91394,409,5.1410999999999945
15,10,-128.4858,-155.7204,27.2346, Plant, Bookshelf,9.074219,409,27.2346
14,11,17.10274,10.1685,6.934240000000001, Telescope, Trashcan,6.455261,409,6.934240000000001
13,12,-135.6296,-13.0517,-122.5779, Table, Trashcan,14.29498,409,122.5779
11,13,124.3211,156.9717,-32.6506, Well, Telescope,10.37494,409,32.6506
2,14,-37.78749,0.0,-37.78749, Wheelbarrow, Telescope,5.838135,409,37.78749
6,15,38.75162,-20.9935,59.74512, Mailbox, Wheelbarrow,5.571167,409,59.74512
17,16,-131.1241,-141.7693,10.645199999999988, Plant, Wheelbarrow,7.105957,409,10.645199999999988
7,17,153.7151,146.6573,7.057800000000015, Stove, Harp,14.32855,409,7.057800000000015
21,18,-34.20691,-4.299151,-29.907759, Telescope, Harp,10.00824,409,29.907759
12,19,163.8213,-47.17128,210.99258, Table, Well,12.82721,409,149.00742
9,20,48.57633,8.961795,39.614535, Piano, Well,5.87146,409,39.614535
23,21,-154.6803,-146.2155,-8.464799999999997, Trashcan, Mailbox,17.28058,409,8.464799999999997
10,22,156.0804,-51.54441,207.62481, Bookshelf, Mailbox,8.774109,409,152.37519
4,23,0.1282043,-10.49368,10.6218843, Piano, Chair,9.490784,409,10.6218843
18,24,-118.8399,-125.6807,6.8408000000000015, Trashcan, Chair,16.18042,409,6.8408000000000015
9,1,137.9108,139.8627,-1.9518999999999949, Well, Stove,7.005676,408,1.9518999999999949
5,2,-26.32829,-49.85279,23.5245, Wheelbarrow, Stove,8.006523,408,23.5245
21,3,-35.77612,-36.09407,0.3179500000000033, Mailbox, Piano,10.64197,408,0.3179500000000033
24,4,5.855982,-2.913495,8.769477, Harp, Piano,7.839798,408,8.769477
3,5,-92.72633,-121.5305,28.80417, Bookshelf, Table,12.7939,408,28.80417
6,6,21.69513,24.73069,-3.0355600000000003, Chair, Table,18.24809,408,3.0355600000000003
8,7,-163.791,-156.2066,-7.584399999999988, Trashcan, Plant,4.987312,408,7.584399999999988
11,8,170.6185,108.8188,61.799700000000016, Harp, Plant,5.704803,408,61.799700000000016
13,9,159.8142,151.2295,8.584699999999998, Stove, Bookshelf,8.28981,408,8.584699999999998
19,10,-164.8459,-155.7204,-9.125499999999988, Plant, Bookshelf,16.08008,408,9.125499999999988
17,11,16.76259,10.1685,6.59409, Telescope, Trashcan,6.939377,408,6.59409
10,12,0.0,-13.0517,13.0517, Table, Trashcan,6.021515,408,13.0517
14,13,180.0,156.9717,23.0283, Well, Telescope,17.3642,408,23.0283
23,14,5.855982,0.0,5.855982, Wheelbarrow, Telescope,5.838135,408,5.855982
20,15,-32.36665,-20.9935,-11.37315, Mailbox, Wheelbarrow,10.42538,408,11.37315
2,16,11.44107,-141.7693,153.21036999999998, Plant, Wheelbarrow,8.356888,408,153.21036999999998
4,17,132.2737,146.6573,-14.3836, Stove, Harp,6.321823,408,14.3836
1,18,-4.351092,-4.299151,-0.0519410000000002, Telescope, Harp,16.44688,408,0.0519410000000002
18,19,-32.17863,-47.17128,14.992650000000005, Table, Well,11.67596,408,14.992650000000005
22,20,5.855982,8.961795,-3.1058130000000004, Piano, Well,10.12511,408,3.1058130000000004
12,21,-146.5752,-146.2155,-0.3597000000000037, Trashcan, Mailbox,6.905869,408,0.3597000000000037
15,22,-45.3,-51.54441,6.244410000000002, Bookshelf, Mailbox,6.405441,408,6.244410000000002
16,23,-10.12469,-10.49368,0.3689900000000001, Piano, Chair,10.50815,408,0.3689900000000001
7,24,-121.8425,-125.6807,3.838200000000001, Trashcan, Chair,6.689171,408,3.838200000000001
7,1,-120.4016,139.8627,-260.2643, Well, Stove,9.707916,412,99.73570000000001
5,2,-30.96377,-49.85279,18.88902, Wheelbarrow, Stove,7.172241,412,18.88902
16,3,-47.95457,-36.09407,-11.860499999999996, Mailbox, Piano,12.66049,412,11.860499999999996
8,4,-13.29439,-2.913495,-10.380895, Harp, Piano,11.19266,412,10.380895
6,5,-144.6888,-121.5305,-23.158299999999983, Bookshelf, Table,6.455505,412,23.158299999999983
18,6,55.57877,24.73069,30.84808, Chair, Table,8.640503,412,30.84808
14,7,-41.54827,-156.2066,114.65833, Trashcan, Plant,6.522217,412,114.65833
17,8,58.13925,108.8188,-50.67955, Harp, Plant,26.62177,412,50.67955
11,9,-147.8477,151.2295,-299.0772, Stove, Bookshelf,12.31012,412,60.922799999999995
9,10,-18.72954,-155.7204,136.99086, Plant, Bookshelf,7.689697,412,136.99086
10,11,18.95648,10.1685,8.78798, Telescope, Trashcan,7.856415,412,8.78798
21,12,-15.75792,-13.0517,-2.70622, Table, Trashcan,8.356689,412,2.70622
4,13,-139.022,156.9717,-295.9937, Well, Telescope,16.28024,412,64.00630000000001
24,14,8.250406,0.0,8.250406, Wheelbarrow, Telescope,7.706421,412,8.250406
2,15,-46.265,-20.9935,-25.2715, Mailbox, Wheelbarrow,24.77063,412,25.2715
13,16,132.5559,-141.7693,274.3252, Plant, Wheelbarrow,12.0098,412,85.6748
15,17,105.8398,146.6573,-40.8175, Stove, Harp,8.690338,412,40.8175
23,18,-6.911201,-4.299151,-2.61205, Telescope, Harp,6.088135,412,2.61205
20,19,-35.73078,-47.17128,11.4405, Table, Well,10.02502,412,11.4405
3,20,7.495854,8.961795,-1.4659410000000008, Piano, Well,21.56741,412,1.4659410000000008
19,21,-38.48581,-146.2155,107.72969, Trashcan, Mailbox,35.06219,412,107.72969
1,22,-72.87553,-51.54441,-21.33112, Bookshelf, Mailbox,22.06812,412,21.33112
22,23,-33.69007,-10.49368,-23.19639, Piano, Chair,7.87323,412,23.19639
12,24,-72.8973,-125.6807,52.7834, Trashcan, Chair,14.11157,412,52.7834
7,1,-132.8789,139.8627,-272.74159999999995, Well, Stove,8.957458,411,87.25840000000005
9,2,-34.82449,-49.85279,15.028300000000002, Wheelbarrow, Stove,10.95911,411,15.028300000000002
21,3,-46.21886,-36.09407,-10.124789999999996, Mailbox, Piano,7.155884,411,10.124789999999996
12,4,21.68907,-2.913495,24.602565, Harp, Piano,8.206726,411,24.602565
5,5,-88.25255,-121.5305,33.277950000000004, Bookshelf, Table,11.09241,411,33.277950000000004
22,6,43.39772,24.73069,18.66703, Chair, Table,8.056458,411,18.66703
13,7,127.8395,-156.2066,284.0461, Trashcan, Plant,8.857178,411,75.95389999999998
4,8,116.0079,108.8188,7.1891000000000105, Harp, Plant,11.22595,411,7.1891000000000105
8,9,159.444,151.2295,8.214499999999987, Stove, Bookshelf,9.858032,411,8.214499999999987
24,10,-19.98311,-155.7204,135.73729, Plant, Bookshelf,10.15839,411,135.73729
6,11,-19.52173,10.1685,-29.69023, Telescope, Trashcan,10.37518,411,29.69023
15,12,24.56718,-13.0517,37.61888, Table, Trashcan,6.121704,411,37.61888
19,13,155.0188,156.9717,-1.9529, Well, Telescope,26.52167,411,1.9529
1,14,-9.02761,0.0,-9.02761, Wheelbarrow, Telescope,10.07526,411,9.02761
18,15,-46.52752,-20.9935,-25.53402, Mailbox, Wheelbarrow,9.641418,411,25.53402
10,16,-154.1252,-141.7693,-12.35590000000002, Plant, Wheelbarrow,8.273376,411,12.35590000000002
11,17,138.1507,146.6573,-8.506599999999992, Stove, Harp,9.924744,411,8.506599999999992
17,18,-21.19406,-4.299151,-16.894909, Telescope, Harp,5.904724,411,16.894909
3,19,-37.09282,-47.17128,10.07846, Table, Well,6.78894,411,10.07846
23,20,-15.1182,8.961795,-24.079995, Piano, Well,20.46692,411,24.079995
14,21,162.3324,-146.2155,308.5479, Trashcan, Mailbox,8.590576,411,51.45209999999997
16,22,-26.56507,-51.54441,24.97934, Bookshelf, Mailbox,12.14331,411,24.97934
2,23,-10.09107,-10.49368,0.4026099999999992, Piano, Chair,8.00647,411,0.4026099999999992
20,24,179.6591,-125.6807,305.3398, Trashcan, Chair,5.905029,411,54.660199999999975
2,1,160.5139,139.8627,20.651200000000017, Well, Stove,22.3017,410,20.651200000000017
3,2,-34.89496,-49.85279,14.95783, Wheelbarrow, Stove,13.44421,410,14.95783
1,3,-36.91837,-36.09407,-0.8243000000000009, Mailbox, Piano,12.91064,410,0.8243000000000009
24,4,60.06851,-2.913495,62.982005, Harp, Piano,6.97229,410,62.982005
5,5,-85.50285,-121.5305,36.02765000000001, Bookshelf, Table,12.57703,410,36.02765000000001
20,6,170.4821,24.73069,145.75141, Chair, Table,7.606018,410,145.75141
6,7,-151.1443,-156.2066,5.062300000000022, Trashcan, Plant,7.939758,410,5.062300000000022
12,8,169.095,108.8188,60.2762, Harp, Plant,14.19501,410,60.2762
18,9,137.8155,151.2295,-13.414000000000016, Stove, Bookshelf,9.174133,410,13.414000000000016
10,10,-17.44709,-155.7204,138.27331, Plant, Bookshelf,12.04327,410,138.27331
17,11,-51.52784,10.1685,-61.69634, Telescope, Trashcan,8.590393,410,61.69634
15,12,-111.8014,-13.0517,-98.7497, Table, Trashcan,18.43201,410,98.7497
11,13,169.0841,156.9717,12.112400000000008, Well, Telescope,5.93811,410,12.112400000000008
9,14,-14.6973,0.0,-14.6973, Wheelbarrow, Telescope,7.339478,410,14.6973
22,15,-43.70782,-20.9935,-22.71432, Mailbox, Wheelbarrow,8.240295,410,22.71432
16,16,-15.44633,-141.7693,126.32296999999998, Plant, Wheelbarrow,8.173279,410,126.32296999999998
14,17,-156.222,146.6573,-302.8793, Stove, Harp,4.636963,410,57.1207
7,18,-35.44574,-4.299151,-31.146589, Telescope, Harp,8.707214,410,31.146589
13,19,-167.0355,-47.17128,-119.86422000000002, Table, Well,14.1283,410,119.86422000000002
21,20,34.89496,8.961795,25.933164999999995, Piano, Well,14.81232,410,25.933164999999995
4,21,-149.6013,-146.2155,-3.385800000000017, Trashcan, Mailbox,14.62872,410,3.385800000000017
23,22,-44.78047,-51.54441,6.763939999999998, Bookshelf, Mailbox,23.80273,410,6.763939999999998
19,23,-18.86356,-10.49368,-8.36988, Piano, Chair,10.92566,410,8.36988
8,24,-152.7583,-125.6807,-27.07759999999999, Trashcan, Chair,7.689514,410,27.07759999999999
17,1,155.7256,139.8627,15.862899999999996, Well, Stove,13.6778,413,15.862899999999996
20,2,-18.43493,-49.85279,31.41786, Wheelbarrow, Stove,5.321167,413,31.41786
10,3,-32.50959,-36.09407,3.5844799999999992, Mailbox, Piano,10.64209,413,3.5844799999999992
6,4,-14.03623,-2.913495,-11.122735, Harp, Piano,23.31921,413,11.122735
5,5,-143.3103,-121.5305,-21.77980000000001, Bookshelf, Table,9.624634,413,21.77980000000001
19,6,35.48399,24.73069,10.7533, Chair, Table,10.0249,413,10.7533
22,7,-168.0558,-156.2066,-11.849199999999996, Trashcan, Plant,9.658081,413,11.849199999999996
1,8,120.1854,108.8188,11.366600000000004, Harp, Plant,20.51727,413,11.366600000000004
14,9,157.1971,151.2295,5.9676000000000045, Stove, Bookshelf,14.99573,413,5.9676000000000045
18,10,-176.8108,-155.7204,-21.09039999999999, Plant, Bookshelf,20.90045,413,21.09039999999999
16,11,0.0,10.1685,-10.1685, Telescope, Trashcan,20.26697,413,10.1685
3,12,-19.78282,-13.0517,-6.731120000000001, Table, Trashcan,15.59595,413,6.731120000000001
21,13,173.3901,156.9717,16.41839999999999, Well, Telescope,21.88464,413,16.41839999999999
11,14,28.5707,0.0,28.5707, Wheelbarrow, Telescope,7.806396,413,28.5707
13,15,-62.65897,-20.9935,-41.66547, Mailbox, Wheelbarrow,13.57788,413,41.66547
7,16,-158.9273,-141.7693,-17.158000000000015, Plant, Wheelbarrow,15.67963,413,17.158000000000015
2,17,143.4798,146.6573,-3.1774999999999807, Stove, Harp,8.05658,413,3.1774999999999807
23,18,-11.45545,-4.299151,-7.156299000000001, Telescope, Harp,9.340698,413,7.156299000000001
12,19,-34.69515,-47.17128,12.476130000000005, Table, Well,9.857971,413,12.476130000000005
15,20,-7.480892,8.961795,-16.442687, Piano, Well,17.09717,413,16.442687
24,21,-104.8757,-146.2155,41.3398, Trashcan, Mailbox,6.93927,413,41.3398
4,22,-57.24913,-51.54441,-5.704720000000002, Bookshelf, Mailbox,20.51697,413,5.704720000000002
9,23,-8.403334,-10.49368,2.0903460000000003, Piano, Chair,23.76941,413,2.0903460000000003
8,24,-96.55418,-125.6807,29.12652, Trashcan, Chair,16.86395,413,29.12652
11,1,139.5906,139.8627,-0.2720999999999947, Well, Stove,14.46204,414,0.2720999999999947
14,2,25.04259,-49.85279,74.89538, Wheelbarrow, Stove,8.506958,414,74.89538
15,3,-23.92251,-36.09407,12.171560000000005, Mailbox, Piano,10.02496,414,12.171560000000005
18,4,141.059,-2.913495,143.972495, Harp, Piano,19.36603,414,143.972495
8,5,37.19983,-121.5305,158.73033, Bookshelf, Table,12.10986,414,158.73033
6,6,55.90494,24.73069,31.174250000000004, Chair, Table,5.68811,414,31.174250000000004
19,7,-150.6158,-156.2066,5.5908000000000015, Trashcan, Plant,6.038147,414,5.5908000000000015
24,8,-45.79943,108.8188,-154.61822999999998, Harp, Plant,8.657043,414,154.61822999999998
16,9,-27.24508,151.2295,-178.47458, Stove, Bookshelf,12.07672,414,178.47458
17,10,-27.8782,-155.7204,127.84220000000002, Plant, Bookshelf,14.14496,414,127.84220000000002
9,11,-19.04121,10.1685,-29.20971, Telescope, Trashcan,12.14337,414,29.20971
21,12,-14.74354,-13.0517,-1.6918399999999991, Table, Trashcan,14.61206,414,1.6918399999999991
5,13,154.1954,156.9717,-2.776299999999992, Well, Telescope,22.63525,414,2.776299999999992
2,14,40.23635,0.0,40.23635, Wheelbarrow, Telescope,37.13055,414,40.23635
20,15,-22.87373,-20.9935,-1.8802299999999972, Mailbox, Wheelbarrow,26.27161,414,1.8802299999999972
22,16,-135.2641,-141.7693,6.505199999999974, Plant, Wheelbarrow,36.94702,414,6.505199999999974
4,17,132.8389,146.6573,-13.818399999999995, Stove, Harp,17.44769,414,13.818399999999995
12,18,-28.70588,-4.299151,-24.406729, Telescope, Harp,12.81061,414,24.406729
23,19,-46.20608,-47.17128,0.965200000000003, Table, Well,6.821899,414,0.965200000000003
1,20,0.0,8.961795,-8.961795, Piano, Well,10.92578,414,8.961795
13,21,-140.0425,-146.2155,6.173000000000002, Trashcan, Mailbox,5.80481,414,6.173000000000002
3,22,-21.31785,-51.54441,30.22656, Bookshelf, Mailbox,58.94849,414,30.22656
10,23,-0.916639,-10.49368,9.577041, Piano, Chair,33.79425,414,9.577041
7,24,35.81119,-125.6807,161.49189, Trashcan, Chair,9.14093,414,161.49189
15,1,-122.1346,139.8627,-261.9973, Well, Stove,28.1236,415,98.0027
22,2,-28.35149,-49.85279,21.5013, Wheelbarrow, Stove,5.454407,415,21.5013
24,3,-18.35572,-36.09407,17.73835, Mailbox, Piano,8.973999,415,17.73835
16,4,17.61649,-2.913495,20.529985, Harp, Piano,17.71411,415,20.529985
9,5,-111.5658,-121.5305,9.964700000000008, Bookshelf, Table,34.44495,415,9.964700000000008
23,6,10.68491,24.73069,-14.04578, Chair, Table,15.8631,415,14.04578
18,7,115.6573,-156.2066,271.8639, Trashcan, Plant,17.14728,415,88.1361
8,8,82.17997,108.8188,-26.63883, Harp, Plant,13.24414,415,26.63883
4,9,-135.4341,151.2295,-286.6636, Stove, Bookshelf,19.23261,415,73.33640000000003
1,10,-65.882,-155.7204,89.83840000000001, Plant, Bookshelf,15.72964,415,89.83840000000001
3,11,-117.0373,10.1685,-127.2058, Telescope, Trashcan,31.87595,415,127.2058
17,12,-22.45693,-13.0517,-9.40523, Table, Trashcan,7.789795,415,9.40523
13,13,-108.7624,156.9717,-265.7341, Well, Telescope,17.04697,415,94.26589999999999
21,14,-9.46232,0.0,-9.46232, Wheelbarrow, Telescope,16.9798,415,9.46232
2,15,-31.79029,-20.9935,-10.796789999999998, Mailbox, Wheelbarrow,9.391193,415,10.796789999999998
14,16,-131.8838,-141.7693,9.88549999999998, Plant, Wheelbarrow,25.38757,415,9.88549999999998
7,17,-123.3615,146.6573,-270.0188, Stove, Harp,11.80978,415,89.9812
19,18,-32.91672,-4.299151,-28.617569, Telescope, Harp,11.20923,415,28.617569
20,19,-39.7238,-47.17128,7.447480000000006, Table, Well,12.3111,415,7.447480000000006
10,20,45.8814,8.961795,36.919605, Piano, Well,10.75932,415,36.919605
11,21,-71.64014,-146.2155,74.57535999999999, Trashcan, Mailbox,27.40588,415,74.57535999999999
12,22,-37.16449,-51.54441,14.379919999999998, Bookshelf, Mailbox,17.26405,415,14.379919999999998
5,23,38.49599,-10.49368,48.98967, Piano, Chair,8.974068,415,48.98967
6,24,118.54,-125.6807,244.2207, Trashcan, Chair,11.17583,415,115.7793
22,1,-143.8672,139.8627,-283.7299, Well, Stove,8.940826,417,76.27010000000001
7,2,56.52374,-49.85279,106.37653, Wheelbarrow, Stove,4.220093,417,106.37653
19,3,-119.2405,-36.09407,-83.14643, Mailbox, Piano,5.521164,417,83.14643
18,4,114.8293,-2.913495,117.742795, Harp, Piano,7.806442,417,117.742795
16,5,48.91315,-121.5305,170.44365, Bookshelf, Table,5.554459,417,170.44365
21,6,88.20205,24.73069,63.47136, Chair, Table,7.823135,417,63.47136
23,7,46.99212,-156.2066,203.19872, Trashcan, Plant,8.523499,417,156.80128
12,8,117.4567,108.8188,8.637900000000002, Harp, Plant,5.370956,417,8.637900000000002
24,9,163.4429,151.2295,12.213400000000007, Stove, Bookshelf,7.205933,417,12.213400000000007
5,10,-156.8431,-155.7204,-1.1226999999999805, Plant, Bookshelf,12.02675,417,1.1226999999999805
6,11,-70.18852,10.1685,-80.35701999999999, Telescope, Trashcan,7.005638,417,80.35701999999999
3,12,33.69007,-13.0517,46.74177, Table, Trashcan,14.74543,417,46.74177
10,13,152.3241,156.9717,-4.647600000000011, Well, Telescope,8.573868,417,4.647600000000011
17,14,-39.49453,0.0,-39.49453, Wheelbarrow, Telescope,4.387085,417,39.49453
1,15,31.21094,-20.9935,52.204440000000005, Mailbox, Wheelbarrow,21.61789,417,52.204440000000005
11,16,-130.162,-141.7693,11.60729999999998, Plant, Wheelbarrow,6.772224,417,11.60729999999998
2,17,-158.3078,146.6573,-304.9651, Stove, Harp,4.520256,417,55.03489999999999
15,18,107.7305,-4.299151,112.029651, Telescope, Harp,7.622498,417,112.029651
4,19,127.1794,-47.17128,174.35068, Table, Well,5.971401,417,174.35068
20,20,-61.37014,8.961795,-70.331935, Piano, Well,15.21248,417,70.331935
13,21,169.2755,-146.2155,315.491, Trashcan, Mailbox,5.321075,417,44.509000000000015
9,22,-123.7417,-51.54441,-72.19729, Bookshelf, Mailbox,8.840195,417,72.19729
8,23,-84.63227,-10.49368,-74.13859000000001, Piano, Chair,17.31469,417,74.13859000000001
14,24,-143.0612,-125.6807,-17.380500000000012, Trashcan, Chair,4.687637,417,17.380500000000012
22,1,134.5265,139.8627,-5.336199999999991, Well, Stove,10.45844,416,5.336199999999991
1,2,-26.42766,-49.85279,23.42513, Wheelbarrow, Stove,15.72933,416,23.42513
2,3,1.347846,-36.09407,37.441916, Mailbox, Piano,15.84654,416,37.441916
15,4,0.0,-2.913495,2.913495, Harp, Piano,23.43591,416,2.913495
6,5,-115.8087,-121.5305,5.721800000000002, Bookshelf, Table,10.27512,416,5.721800000000002
23,6,33.27492,24.73069,8.544230000000002, Chair, Table,6.038513,416,8.544230000000002
13,7,-149.7615,-156.2066,6.4450999999999965, Trashcan, Plant,13.17746,416,6.4450999999999965
9,8,102.8407,108.8188,-5.978099999999998, Harp, Plant,10.44191,416,5.978099999999998
12,9,133.0585,151.2295,-18.170999999999992, Stove, Bookshelf,26.50536,416,18.170999999999992
7,10,-112.9638,-155.7204,42.756600000000006, Plant, Bookshelf,20.21668,416,42.756600000000006
5,11,20.72556,10.1685,10.557060000000002, Telescope, Trashcan,8.306786,416,10.557060000000002
21,12,-8.906754,-13.0517,4.144946000000001, Table, Trashcan,8.023193,416,4.144946000000001
14,13,-178.8839,156.9717,-335.8556, Well, Telescope,9.657944,416,24.14440000000002
24,14,60.6221,0.0,60.6221, Wheelbarrow, Telescope,10.4418,416,60.6221
11,15,-17.60116,-20.9935,3.392340000000001, Mailbox, Wheelbarrow,8.289886,416,3.392340000000001
18,16,-138.6412,-141.7693,3.128099999999989, Plant, Wheelbarrow,29.04056,416,3.128099999999989
20,17,135.9878,146.6573,-10.6695, Stove, Harp,8.89093,416,10.6695
8,18,8.130066,-4.299151,12.429217, Telescope, Harp,12.39351,416,12.429217
17,19,-27.92359,-47.17128,19.24769, Table, Well,8.824066,416,19.24769
4,20,-18.65788,8.961795,-27.619675, Piano, Well,9.240906,416,27.619675
3,21,-130.0228,-146.2155,16.192700000000002, Trashcan, Mailbox,7.456238,416,16.192700000000002
19,22,-23.96251,-51.54441,27.5819, Bookshelf, Mailbox,9.190643,416,27.5819
16,23,0.0,-10.49368,10.49368, Piano, Chair,9.407654,416,10.49368
10,24,-91.94151,-125.6807,33.73919000000001, Trashcan, Chair,17.78133,416,33.73919000000001
1,1,76.70144,139.8627,-63.161259999999984, Well, Stove,41.80084,418,63.161259999999984
16,2,42.87891,-49.85279,92.7317, Wheelbarrow, Stove,20.71704,418,92.7317
14,3,-102.2115,-36.09407,-66.11743, Mailbox, Piano,13.995,418,66.11743
20,4,-42.43627,-2.913495,-39.522775, Harp, Piano,19.58289,418,39.522775
12,5,-80.27241,-121.5305,41.25809000000001, Bookshelf, Table,17.94812,418,41.25809000000001
8,6,144.4623,24.73069,119.73161, Chair, Table,9.858032,418,119.73161
17,7,60.84623,-156.2066,217.05283, Trashcan, Plant,10.89227,418,142.94717
18,8,167.4498,108.8188,58.631000000000014, Harp, Plant,21.01733,418,58.631000000000014
19,9,158.1986,151.2295,6.969099999999997, Stove, Bookshelf,23.2356,418,6.969099999999997
21,10,-24.22775,-155.7204,131.49265000000003, Plant, Bookshelf,19.36584,418,131.49265000000003
23,11,-45.59067,10.1685,-55.759170000000005, Telescope, Trashcan,21.56763,418,55.759170000000005
10,12,123.7697,-13.0517,136.8214, Table, Trashcan,21.78528,418,136.8214
6,13,-72.30638,156.9717,-229.27808, Well, Telescope,14.17828,418,130.72192
22,14,22.55088,0.0,22.55088, Wheelbarrow, Telescope,35.92957,418,22.55088
24,15,-55.49148,-20.9935,-34.49798, Mailbox, Wheelbarrow,15.26257,418,34.49798
9,16,57.6391,-141.7693,199.4084, Plant, Wheelbarrow,14.24493,418,160.5916
11,17,110.8545,146.6573,-35.80279999999999, Stove, Harp,13.27698,418,35.80279999999999
4,18,132.4906,-4.299151,136.789751, Telescope, Harp,28.54004,418,136.789751
13,19,179.5585,-47.17128,226.72978, Table, Well,15.41254,418,133.27022
15,20,136.4564,8.961795,127.494605, Piano, Well,8.123291,418,127.494605
5,21,-72.30638,-146.2155,73.90911999999999, Trashcan, Mailbox,12.46033,418,73.90911999999999
7,22,-177.1519,-51.54441,-125.60749, Bookshelf, Mailbox,18.31506,418,125.60749
3,23,178.2747,-10.49368,188.76838, Piano, Chair,23.96985,418,171.23162
2,24,131.7713,-125.6807,257.452, Trashcan, Chair,22.33496,418,102.548
1,21,-130.0766,-146.2155,16.13896, Trashcan, Mailbox,26.58832,419,16.13896
2,1,132.0536,139.8627,-7.809097, Well, Stove,10.7594,419,7.809097
3,11,7.258014,10.1685,-2.91049, Telescope, Trashcan,11.59247,419,2.91049
4,13,165.2564,156.9717,8.284744, Well, Telescope,9.39093,419,8.284744
5,24,-105.6539,-125.6807,20.02679, Trashcan, Chair,13.11084,419,20.02679
6,19,-41.12874,-47.17128,6.042538, Table, Well,10.55859,419,6.042538
7,8,107.5924,108.8188,-1.226379, Harp, Plant,24.0531,419,1.226379
8,10,-127.606,-155.7204,28.11446, Plant, Bookshelf,13.31091,419,28.11446
9,9,149.6645,151.2295,-1.565063, Stove, Bookshelf,19.54944,419,1.565063
10,3,-29.99272,-36.09407,6.101355, Mailbox, Piano,14.49524,419,6.101355
11,16,-153.6279,-141.7693,-11.85854, Plant, Wheelbarrow,20.09991,419,11.85854
12,2,-43.40396,-49.85279,6.448833, Wheelbarrow, Stove,9.007263,419,6.448833
13,22,-29.93151,-51.54441,21.61291, Bookshelf, Mailbox,11.00916,419,21.61291
14,14,-2.009642,0.0,-2.009642, Wheelbarrow, Telescope,14.31171,419,2.009642
15,17,148.1726,146.6573,1.515305, Stove, Harp,20.86719,419,1.515305
16,5,-95.14082,-121.5305,26.38971, Bookshelf, Table,20.18396,419,26.38971
17,15,-37.15356,-20.9935,-16.16006, Mailbox, Wheelbarrow,24.51935,419,16.16006
18,18,-27.66675,-4.299151,-23.3676, Telescope, Harp,8.907288,419,23.3676
19,7,-147.45,-156.2066,8.756607, Trashcan, Plant,7.005798,419,8.756607
20,4,-147.45,-2.913495,-144.5365, Harp, Piano,10.4585,419,144.5365
21,6,28.32742,24.73069,3.596731, Chair, Table,5.671509,419,3.596731
22,20,0.0,8.961795,-8.961795, Piano, Well,12.54358,419,8.961795
23,12,-9.680807,-13.0517,3.370893, Table, Trashcan,14.67859,419,3.370893
24,23,-15.0808,-10.49368,-4.587112, Piano, Chair,10.77551,419,4.587112
10,1,142.8257,139.8627,2.9630000000000223, Well, Stove,5.771301,425,2.9630000000000223
4,2,136.0809,-49.85279,185.93369, Wheelbarrow, Stove,14.82874,425,174.06631
13,3,35.36244,-36.09407,71.45651000000001, Mailbox, Piano,8.306763,425,71.45651000000001
5,4,120.7685,-2.913495,123.681995, Harp, Piano,11.05927,425,123.681995
20,5,18.21288,-121.5305,139.74338, Bookshelf, Table,18.34857,425,139.74338
19,6,48.75171,24.73069,24.021020000000004, Chair, Table,6.52179,425,24.021020000000004
16,7,155.7352,-156.2066,311.9418, Trashcan, Plant,8.790833,425,48.0582
8,8,168.6208,108.8188,59.80200000000001, Harp, Plant,16.76373,425,59.80200000000001
15,9,139.6001,151.2295,-11.629400000000004, Stove, Bookshelf,5.304138,425,11.629400000000004
21,10,34.99203,-155.7204,190.71243, Plant, Bookshelf,4.920654,425,169.28757
12,11,35.36244,10.1685,25.19394, Telescope, Trashcan,34.51184,425,25.19394
23,12,135.3515,-13.0517,148.4032, Table, Trashcan,4.837708,425,148.4032
7,13,135.264,156.9717,-21.70769999999999, Well, Telescope,15.66315,425,21.70769999999999
1,14,133.704,0.0,133.704, Wheelbarrow, Telescope,32.02652,425,133.704
9,15,39.89783,-20.9935,60.89133, Mailbox, Wheelbarrow,20.06647,425,60.89133
3,16,54.97994,-141.7693,196.74924, Plant, Wheelbarrow,12.6604,425,163.25076
6,17,157.6713,146.6573,11.01400000000001, Stove, Harp,12.56006,425,11.01400000000001
17,18,-60.92165,-4.299151,-56.622499, Telescope, Harp,12.32672,425,56.622499
22,19,-21.7408,-47.17128,25.430480000000003, Table, Well,8.840576,425,25.430480000000003
18,20,-42.31299,8.961795,-51.274785, Piano, Well,5.020996,425,51.274785
24,21,137.6134,-146.2155,283.8289, Trashcan, Mailbox,20.11615,425,76.17110000000002
14,22,122.087,-51.54441,173.63141000000002, Bookshelf, Mailbox,5.571228,425,173.63141000000002
2,23,121.3287,-10.49368,131.82238, Piano, Chair,35.96298,425,131.82238
11,24,-55.09751,-125.6807,70.58319, Trashcan, Chair,8.123413,425,70.58319
1,1,71.56507,139.8627,-68.29762999999998, Well, Stove,10.55887,426,68.29762999999998
22,2,-24.02026,-49.85279,25.83253, Wheelbarrow, Stove,5.521179,426,25.83253
10,3,90.0,-36.09407,126.09407, Mailbox, Piano,15.96332,426,126.09407
11,4,-141.8615,-2.913495,-138.948005, Harp, Piano,7.339325,426,138.948005
20,5,-83.65981,-121.5305,37.87069000000001, Bookshelf, Table,15.89636,426,37.87069000000001
23,6,-159.7435,24.73069,-184.47419, Chair, Table,5.504517,426,175.52581
13,7,152.8318,-156.2066,309.0384, Trashcan, Plant,12.77716,426,50.961599999999976
16,8,-162.4435,108.8188,-271.2623, Harp, Plant,11.20923,426,88.73770000000002
3,9,-122.4896,151.2295,-273.7191, Stove, Bookshelf,6.322052,426,86.28089999999997
4,10,-159.7468,-155.7204,-4.026399999999995, Plant, Bookshelf,5.321014,426,4.026399999999995
21,11,125.5817,10.1685,115.4132, Telescope, Trashcan,7.089172,426,115.4132
14,12,-45.65855,-13.0517,-32.606849999999994, Table, Trashcan,8.890717,426,32.606849999999994
15,13,124.7131,156.9717,-32.2586, Well, Telescope,9.524506,426,32.2586
7,14,-103.134,0.0,-103.134, Wheelbarrow, Telescope,13.0607,426,103.134
9,15,-130.7242,-20.9935,-109.7307, Mailbox, Wheelbarrow,9.841278,426,109.7307
5,16,168.185,-141.7693,309.9543, Plant, Wheelbarrow,4.620758,426,50.04570000000001
2,17,-122.2454,146.6573,-268.9027, Stove, Harp,6.488525,426,91.09730000000002
18,18,-84.20721,-4.299151,-79.90805900000001, Telescope, Harp,5.971741,426,79.90805900000001
19,19,112.8906,-47.17128,160.06188, Table, Well,7.172668,426,160.06188
8,20,122.5175,8.961795,113.555705, Piano, Well,7.756409,426,113.555705
24,21,-102.6804,-146.2155,43.53509999999999, Trashcan, Mailbox,9.991455,426,43.53509999999999
6,22,98.31031,-51.54441,149.85472, Bookshelf, Mailbox,7.572571,426,149.85472
12,23,140.4206,-10.49368,150.91428000000002, Piano, Chair,7.155884,426,150.91428000000002
17,24,-115.051,-125.6807,10.6297, Trashcan, Chair,8.456696,426,10.6297
1,7,-167.2287,-156.2066,-11.02216, Trashcan, Plant,11.07568,420,11.02216
2,12,39.6801,-13.0517,52.7318, Table, Trashcan,8.089966,420,52.7318
3,4,21.5458,-2.913495,24.4593, Harp, Piano,9.374268,420,24.4593
4,9,91.30566,151.2295,-59.92387, Stove, Bookshelf,9.674622,420,59.92387
5,18,-140.9061,-4.299151,-136.607, Telescope, Harp,2.618774,420,136.607
6,23,-7.684007,-10.49368,2.809676, Piano, Chair,9.057556,420,2.809676
7,22,-179.3079,-51.54441,-127.7635, Bookshelf, Mailbox,9.024048,420,127.7635
8,17,146.2541,146.6573,-0.4031982, Stove, Harp,6.838928,420,0.4031982
9,8,61.05192,108.8188,-47.76689, Harp, Plant,11.89313,420,47.76689
10,21,-152.0404,-146.2155,-5.824829, Trashcan, Mailbox,10.20844,420,5.824829
11,15,-16.85839,-20.9935,4.135107, Mailbox, Wheelbarrow,12.59363,420,4.135107
12,24,-112.5013,-125.6807,13.17945, Trashcan, Chair,12.39349,420,13.17945
13,3,-27.42873,-36.09407,8.665344, Mailbox, Piano,11.10931,420,8.665344
14,20,0.4941643,8.961795,-8.46763, Piano, Well,14.02802,420,8.46763
15,10,-91.29024,-155.7204,64.43021, Plant, Bookshelf,9.65802,420,64.43021
16,19,-25.39158,-47.17128,21.7797, Table, Well,4.820435,420,21.7797
17,1,160.0725,139.8627,20.20985, Well, Stove,5.404541,420,20.20985
18,16,75.8466,-141.7693,217.6159, Plant, Wheelbarrow,6.305298,420,142.3841
19,14,-90.81555,0.0,-90.81555, Wheelbarrow, Telescope,9.858154,420,90.81555
20,2,-43.61406,-49.85279,6.238731, Wheelbarrow, Stove,3.018982,420,6.238731
21,5,48.59877,-121.5305,170.1293, Bookshelf, Table,4.036621,420,170.1293
22,11,125.4046,10.1685,115.2361, Telescope, Trashcan,5.65448,420,115.2361
23,13,-140.0215,156.9717,-296.9932, Well, Telescope,3.352966,420,63.0068
24,6,26.98532,24.73069,2.254633, Chair, Table,4.036438,420,2.254633
22,1,-33.44677,139.8627,-173.30946999999998, Well, Stove,4.12027,427,173.30946999999998
3,2,-30.52971,-49.85279,19.32308, Wheelbarrow, Stove,21.13408,427,19.32308
12,3,-13.20792,-36.09407,22.88615, Mailbox, Piano,10.00867,427,22.88615
10,4,-12.24634,-2.913495,-9.332845, Harp, Piano,6.088287,427,9.332845
17,5,137.1906,-121.5305,258.7211, Bookshelf, Table,4.253448,427,101.27890000000002
20,6,27.7711,24.73069,3.0404100000000014, Chair, Table,5.921539,427,3.0404100000000014
18,7,124.9506,-156.2066,281.1572, Trashcan, Plant,7.005707,427,78.84280000000001
15,8,43.33971,108.8188,-65.47909, Harp, Plant,9.741943,427,65.47909
23,9,69.39208,151.2295,-81.83742, Stove, Bookshelf,7.005646,427,81.83742
2,10,-103.3245,-155.7204,52.39590000000001, Plant, Bookshelf,10.80891,427,52.39590000000001
4,11,-23.45073,10.1685,-33.61923, Telescope, Trashcan,9.457703,427,33.61923
14,12,-60.4885,-13.0517,-47.436800000000005, Table, Trashcan,15.22916,427,47.436800000000005
6,13,125.5377,156.9717,-31.434, Well, Telescope,8.973541,427,31.434
19,14,-55.61968,0.0,-55.61968, Wheelbarrow, Telescope,5.287689,427,55.61968
7,15,-29.67309,-20.9935,-8.679589999999997, Mailbox, Wheelbarrow,7.239929,427,8.679589999999997
24,16,143.9726,-141.7693,285.7419, Plant, Wheelbarrow,9.607788,427,74.25810000000001
21,17,38.98331,146.6573,-107.67399, Stove, Harp,5.270844,427,107.67399
11,18,-34.50852,-4.299151,-30.209368999999995, Telescope, Harp,4.35376,427,30.209368999999995
8,19,-40.67773,-47.17128,6.493550000000006, Table, Well,6.555237,427,6.493550000000006
16,20,-62.30056,8.961795,-71.262355, Piano, Well,5.587433,427,71.262355
13,21,16.66577,-146.2155,162.88127, Trashcan, Mailbox,5.754242,427,162.88127
5,22,-109.1159,-51.54441,-57.57149, Bookshelf, Mailbox,12.8606,427,57.57149
9,23,-90.81847,-10.49368,-80.32479000000001, Piano, Chair,6.738831,427,80.32479000000001
1,24,-136.4688,-125.6807,-10.788099999999986, Trashcan, Chair,10.55869,427,10.788099999999986
3,1,146.31,139.8627,6.447300000000013, Well, Stove,9.524414,428,6.447300000000013
24,2,-36.3666,-49.85279,13.48619, Wheelbarrow, Stove,6.822327,428,13.48619
1,3,-26.56504,-36.09407,9.529030000000002, Mailbox, Piano,11.95966,428,9.529030000000002
14,4,-6.151827,-2.913495,-3.238332, Harp, Piano,6.221924,428,3.238332
17,5,-95.32573,-121.5305,26.20477000000001, Bookshelf, Table,19.38312,428,26.20477000000001
7,6,14.95863,24.73069,-9.77206, Chair, Table,9.658112,428,9.77206
19,7,-174.3694,-156.2066,-18.162800000000004, Trashcan, Plant,8.140198,428,18.162800000000004
10,8,98.99382,108.8188,-9.824979999999996, Harp, Plant,9.190948,428,9.824979999999996
16,9,162.646,151.2295,11.416499999999983, Stove, Bookshelf,6.48877,428,11.416499999999983
2,10,-79.11446,-155.7204,76.60594000000002, Plant, Bookshelf,8.590576,428,76.60594000000002
11,11,10.27715,10.1685,0.1086500000000008, Telescope, Trashcan,35.36237,428,0.1086500000000008
4,12,-16.41359,-13.0517,-3.361889999999999, Table, Trashcan,5.371155,428,3.361889999999999
23,13,155.9497,156.9717,-1.0219999999999914, Well, Telescope,20.88379,428,1.0219999999999914
12,14,-12.32975,0.0,-12.32975, Wheelbarrow, Telescope,24.06979,428,12.32975
13,15,-24.93842,-20.9935,-3.94492, Mailbox, Wheelbarrow,20.06656,428,3.94492
22,16,-178.4377,-141.7693,-36.66840000000002, Plant, Wheelbarrow,18.34833,428,36.66840000000002
8,17,163.791,146.6573,17.133700000000005, Stove, Harp,8.89032,428,17.133700000000005
20,18,-11.30991,-4.299151,-7.010759, Telescope, Harp,19.3158,428,7.010759
6,19,9.940597,-47.17128,57.11187700000001, Table, Well,7.522827,428,57.11187700000001
5,20,6.709843,8.961795,-2.251952, Piano, Well,9.207581,428,2.251952
21,21,-133.2406,-146.2155,12.974899999999993, Trashcan, Mailbox,6.905762,428,12.974899999999993
18,22,-37.18472,-51.54441,14.35969, Bookshelf, Mailbox,16.0459,428,14.35969
15,23,-14.93143,-10.49368,-4.437750000000001, Piano, Chair,13.0939,428,4.437750000000001
9,24,-121.1048,-125.6807,4.575900000000004, Trashcan, Chair,22.13492,428,4.575900000000004
17,1,150.0013,139.8627,10.138599999999997, Well, Stove,36.86346,429,10.138599999999997
21,2,146.3099,-49.85279,196.16269, Wheelbarrow, Stove,8.990662,429,163.83731
3,3,-175.0033,-36.09407,-138.90922999999998, Mailbox, Piano,15.79668,429,138.90922999999998
2,4,-82.25221,-2.913495,-79.33871500000001, Harp, Piano,13.69445,429,79.33871500000001
15,5,139.8344,-121.5305,261.3649, Bookshelf, Table,10.04138,429,98.63510000000002
20,6,-77.04726,24.73069,-101.77795, Chair, Table,7.890076,429,101.77795
10,7,-124.4673,-156.2066,31.73930000000001, Trashcan, Plant,36.58023,429,31.73930000000001
12,8,-119.1859,108.8188,-228.0047, Harp, Plant,13.49446,429,131.9953
8,9,-175.298,151.2295,-326.52750000000003, Stove, Bookshelf,8.106491,429,33.47249999999997
19,10,-173.5892,-155.7204,-17.868799999999993, Plant, Bookshelf,10.75882,429,17.868799999999993
18,11,-51.34024,10.1685,-61.50874, Telescope, Trashcan,11.37598,429,61.50874
24,12,-32.27562,-13.0517,-19.223920000000003, Table, Trashcan,10.89224,429,19.223920000000003
9,13,-127.7111,156.9717,-284.6828, Well, Telescope,9.591064,429,75.31720000000001
5,14,163.1132,0.0,163.1132, Wheelbarrow, Telescope,36.66356,429,163.1132
14,15,78.77422,-20.9935,99.76772, Mailbox, Wheelbarrow,13.04417,429,99.76772
11,16,91.48788,-141.7693,233.25718, Plant, Wheelbarrow,14.04494,429,126.74282
1,17,144.2026,146.6573,-2.4547000000000025, Stove, Harp,27.65619,429,2.4547000000000025
4,18,138.4064,-4.299151,142.705551, Telescope, Harp,9.457413,429,142.705551
7,19,-78.25004,-47.17128,-31.07876, Table, Well,11.96007,429,31.07876
16,20,-131.4064,8.961795,-140.368195, Piano, Well,33.211,429,140.368195
6,21,-51.34021,-146.2155,94.87529, Trashcan, Mailbox,9.107376,429,94.87529
23,22,-19.51079,-51.54441,32.03362, Bookshelf, Mailbox,15.34579,429,32.03362
22,23,-111.8014,-10.49368,-101.30772, Piano, Chair,16.6636,429,101.30772
13,24,-167.8163,-125.6807,-42.13560000000001, Trashcan, Chair,12.12646,429,42.13560000000001
11,1,-142.1935,139.8627,-282.0562, Well, Stove,22.73514,430,77.94380000000001
19,2,16.77123,-49.85279,66.62402, Wheelbarrow, Stove,6.788696,430,66.62402
3,3,-54.80613,-36.09407,-18.71206, Mailbox, Piano,12.10982,430,18.71206
15,4,0.0,-2.913495,2.913495, Harp, Piano,15.31244,430,2.913495
13,5,-100.0369,-121.5305,21.4936, Bookshelf, Table,18.54852,430,21.4936
24,6,64.91187,24.73069,40.18118, Chair, Table,9.357819,430,40.18118
20,7,-139.7637,-156.2066,16.44290000000001, Trashcan, Plant,9.524658,430,16.44290000000001
22,8,124.796,108.8188,15.97720000000001, Harp, Plant,17.49768,430,15.97720000000001
2,9,110.2249,151.2295,-41.0046, Stove, Bookshelf,15.02925,430,41.0046
1,10,-135.0,-155.7204,20.72040000000001, Plant, Bookshelf,17.33083,430,20.72040000000001
16,11,9.334984,10.1685,-0.8335159999999995, Telescope, Trashcan,9.274292,430,0.8335159999999995
12,12,-12.63332,-13.0517,0.4183800000000008, Table, Trashcan,11.07574,430,0.4183800000000008
23,13,-160.4841,156.9717,-317.4558, Well, Telescope,15.64624,430,42.54419999999999
7,14,-7.994853,0.0,-7.994853, Wheelbarrow, Telescope,23.18588,430,7.994853
14,15,-82.53946,-20.9935,-61.54596000000001, Mailbox, Wheelbarrow,13.76144,430,61.54596000000001
18,16,-160.9744,-141.7693,-19.205100000000016, Plant, Wheelbarrow,10.55872,430,19.205100000000016
6,17,114.3764,146.6573,-32.28089999999999, Stove, Harp,11.77629,430,32.28089999999999
5,18,11.06121,-4.299151,15.360361, Telescope, Harp,12.51041,430,15.360361
8,19,-38.58119,-47.17128,8.590090000000004, Table, Well,10.89252,430,8.590090000000004
4,20,-39.17369,8.961795,-48.135485, Piano, Well,10.79202,430,48.135485
21,21,-114.4986,-146.2155,31.716899999999995, Trashcan, Mailbox,12.24326,430,31.716899999999995
9,22,-35.53771,-51.54441,16.006700000000002, Bookshelf, Mailbox,8.87384,430,16.006700000000002
10,23,-29.11618,-10.49368,-18.6225, Piano, Chair,16.34677,430,18.6225
17,24,-111.7005,-125.6807,13.980199999999996, Trashcan, Chair,15.34604,430,13.980199999999996
3,1,-42.17604,139.8627,-182.03874, Well, Stove,5.371033,431,177.96126
19,2,-85.91434,-49.85279,-36.06155, Wheelbarrow, Stove,9.324402,431,36.06155
18,3,-53.4404,-36.09407,-17.346329999999995, Mailbox, Piano,6.905579,431,17.346329999999995
15,4,-96.92113,-2.913495,-94.007635, Harp, Piano,8.089905,431,94.007635
22,5,-27.18783,-121.5305,94.34267, Bookshelf, Table,5.671265,431,94.34267
21,6,-41.09146,24.73069,-65.82215, Chair, Table,4.203552,431,65.82215
1,7,176.3256,-156.2066,332.5322, Trashcan, Plant,6.70575,431,27.46780000000001
17,8,70.27769,108.8188,-38.54110999999999, Harp, Plant,9.224365,431,38.54110999999999
24,9,-149.9706,151.2295,-301.2001, Stove, Bookshelf,3.619751,431,58.79989999999998
23,10,66.08374,-155.7204,221.80414, Plant, Bookshelf,5.888184,431,138.19586
13,11,-111.3836,10.1685,-121.5521, Telescope, Trashcan,4.069824,431,121.5521
9,12,-150.6795,-13.0517,-137.62779999999998, Table, Trashcan,8.523804,431,137.62779999999998
5,13,146.1363,156.9717,-10.835399999999993, Well, Telescope,7.406189,431,10.835399999999993
7,14,-104.8683,0.0,-104.8683, Wheelbarrow, Telescope,10.42517,431,104.8683
10,15,146.6593,-20.9935,167.6528, Mailbox, Wheelbarrow,5.571411,431,167.6528
14,16,56.76829,-141.7693,198.53759, Plant, Wheelbarrow,7.45636,431,161.46241
2,17,162.5252,146.6573,15.86790000000002, Stove, Harp,15.39606,431,15.86790000000002
6,18,-67.89729,-4.299151,-63.598139, Telescope, Harp,4.887268,431,63.598139
20,19,109.5731,-47.17128,156.74438, Table, Well,4.453613,431,156.74438
8,20,170.789,8.961795,161.827205, Piano, Well,5.704651,431,161.827205
12,21,137.872,-146.2155,284.0875, Trashcan, Mailbox,3.502808,431,75.91250000000002
16,22,110.2036,-51.54441,161.74801, Bookshelf, Mailbox,6.872314,431,161.74801
11,23,134.817,-10.49368,145.31068000000002, Piano, Chair,5.30426,431,145.31068000000002
4,24,167.9177,-125.6807,293.5984, Trashcan, Chair,7.005676,431,66.40159999999997
13,1,128.4398,139.8627,-11.422899999999998, Well, Stove,5.687927,432,11.422899999999998
21,2,-50.19443,-49.85279,-0.3416399999999981, Wheelbarrow, Stove,6.955994,432,0.3416399999999981
16,3,-80.7355,-36.09407,-44.64143, Mailbox, Piano,3.819763,432,44.64143
6,4,-176.0548,-2.913495,-173.141305, Harp, Piano,12.92731,432,173.141305
7,5,116.1942,-121.5305,237.7247, Bookshelf, Table,5.12085,432,122.27529999999999
11,6,49.23639,24.73069,24.5057, Chair, Table,9.507874,432,24.5057
5,7,-175.2595,-156.2066,-19.052899999999998, Trashcan, Plant,5.98822,432,19.052899999999998
19,8,-96.90355,108.8188,-205.72235, Harp, Plant,6.221802,432,154.27765
8,9,-152.8402,151.2295,-304.0697, Stove, Bookshelf,8.773865,432,55.93029999999999
24,10,177.7784,-155.7204,333.4988, Plant, Bookshelf,5.938293,432,26.501199999999983
1,11,-90.7795,10.1685,-100.948, Telescope, Trashcan,9.157776,432,100.948
17,12,16.90234,-13.0517,29.95404, Table, Trashcan,12.72711,432,29.95404
4,13,98.13009,156.9717,-58.84161, Well, Telescope,4.837524,432,58.84161
22,14,12.77875,0.0,12.77875, Wheelbarrow, Telescope,5.587952,432,12.77875
23,15,29.51898,-20.9935,50.51248, Mailbox, Wheelbarrow,18.34833,432,50.51248
12,16,-87.61404,-141.7693,54.155259999999984, Plant, Wheelbarrow,7.522888,432,54.155259999999984
10,17,-102.2005,146.6573,-248.8578, Stove, Harp,4.937317,432,111.1422
18,18,-65.12583,-4.299151,-60.82667899999999, Telescope, Harp,9.040833,432,60.82667899999999
3,19,-160.9619,-47.17128,-113.79062000000002, Table, Well,4.987427,432,113.79062000000002
2,20,-121.8972,8.961795,-130.858995, Piano, Well,13.36084,432,130.858995
9,21,-154.1695,-146.2155,-7.954000000000008, Trashcan, Mailbox,13.7948,432,7.954000000000008
20,22,-102.9946,-51.54441,-51.450190000000006, Bookshelf, Mailbox,7.939514,432,51.450190000000006
14,23,151.0625,-10.49368,161.55618, Piano, Chair,6.421875,432,161.55618
15,24,158.8186,-125.6807,284.4993, Trashcan, Chair,6.238525,432,75.5007
6,1,39.17369,139.8627,-100.68901, Well, Stove,7.806335,433,100.68901
4,2,106.2602,-49.85279,156.11299, Wheelbarrow, Stove,25.60421,433,156.11299
20,3,-35.83755,-36.09407,0.2565200000000018, Mailbox, Piano,4.887375,433,0.2565200000000018
11,4,-61.6991,-2.913495,-58.785605, Harp, Piano,5.337578,433,58.785605
24,5,111.8014,-121.5305,233.3319, Bookshelf, Table,9.808167,433,126.66810000000001
7,6,75.96363,24.73069,51.23294, Chair, Table,10.30839,433,51.23294
16,7,136.4442,-156.2066,292.6508, Trashcan, Plant,10.45815,433,67.3492
18,8,145.823,108.8188,37.00420000000001, Harp, Plant,12.39369,433,37.00420000000001
21,9,-94.89912,151.2295,-246.12862, Stove, Bookshelf,10.04161,433,113.87137999999999
1,10,-95.71063,-155.7204,60.00977000000002, Plant, Bookshelf,27.32258,433,60.00977000000002
8,11,-79.21563,10.1685,-89.38413, Telescope, Trashcan,4.570282,433,89.38413
13,12,-75.25649,-13.0517,-62.20479, Table, Trashcan,16.79706,433,62.20479
2,13,119.476,156.9717,-37.4957, Well, Telescope,6.538692,433,37.4957
3,14,114.7754,0.0,114.7754, Wheelbarrow, Telescope,23.88622,433,114.7754
19,15,-50.04245,-20.9935,-29.04895, Mailbox, Wheelbarrow,8.506805,433,29.04895
9,16,-91.90917,-141.7693,49.860129999999984, Plant, Wheelbarrow,13.81161,433,49.860129999999984
5,17,-90.0,146.6573,-236.6573, Stove, Harp,7.789894,433,123.34270000000001
15,18,-75.46545,-4.299151,-71.16629900000001, Telescope, Harp,6.438919,433,71.16629900000001
10,19,-73.30057,-47.17128,-26.12928999999999, Table, Well,5.421204,433,26.12928999999999
17,20,-122.7352,8.961795,-131.69699500000002, Piano, Well,4.253662,433,131.69699500000002
23,21,173.1076,-146.2155,319.32309999999995, Trashcan, Mailbox,6.822113,433,40.676900000000046
12,22,161.565,-51.54441,213.10941, Bookshelf, Mailbox,8.056816,433,146.89059
14,23,-172.6476,-10.49368,-162.15392, Piano, Chair,5.671265,433,162.15392
22,24,-167.6193,-125.6807,-41.93860000000001, Trashcan, Chair,5.537933,433,41.93860000000001
11,1,154.179,139.8627,14.316300000000012, Well, Stove,11.9599,434,14.316300000000012
2,2,-43.65211,-49.85279,6.200679999999998, Wheelbarrow, Stove,6.221863,434,6.200679999999998
7,3,-32.4712,-36.09407,3.622869999999999, Mailbox, Piano,5.788025,434,3.622869999999999
23,4,6.709843,-2.913495,9.623338, Harp, Piano,5.170959,434,9.623338
10,5,-102.2758,-121.5305,19.2547, Bookshelf, Table,11.74304,434,19.2547
24,6,30.68516,24.73069,5.954470000000001, Chair, Table,10.07495,434,5.954470000000001
18,7,-149.0363,-156.2066,7.1702999999999975, Trashcan, Plant,4.754272,434,7.1702999999999975
8,8,119.2639,108.8188,10.44510000000001, Harp, Plant,13.61084,434,10.44510000000001
9,9,151.9275,151.2295,0.6980000000000075, Stove, Bookshelf,11.29303,434,0.6980000000000075
19,10,-142.7652,-155.7204,12.95520000000002, Plant, Bookshelf,18.09802,434,12.95520000000002
22,11,6.709843,10.1685,-3.458657, Telescope, Trashcan,6.137939,434,3.458657
12,12,-16.99081,-13.0517,-3.93911, Table, Trashcan,17.8645,434,3.93911
6,13,16.87627,156.9717,-140.09543, Well, Telescope,10.008,434,140.09543
4,14,-22.86848,0.0,-22.86848, Wheelbarrow, Telescope,5.838501,434,22.86848
1,15,-41.14653,-20.9935,-20.15303, Mailbox, Wheelbarrow,7.989929,434,20.15303
21,16,-178.9948,-141.7693,-37.22550000000001, Plant, Wheelbarrow,11.34302,434,37.22550000000001
3,17,142.2113,146.6573,-4.445999999999998, Stove, Harp,10.19165,434,4.445999999999998
14,18,11.23929,-4.299151,15.538441, Telescope, Harp,11.55975,434,15.538441
16,19,-44.51447,-47.17128,2.65681, Table, Well,5.988159,434,2.65681
5,20,22.44914,8.961795,13.487345, Piano, Well,8.606812,434,13.487345
20,21,-133.3788,-146.2155,12.83669999999998, Trashcan, Mailbox,11.276,434,12.83669999999998
15,22,-49.18495,-51.54441,2.3594599999999986, Bookshelf, Mailbox,7.239319,434,2.3594599999999986
13,23,-11.6015,-10.49368,-1.1078200000000002, Piano, Chair,4.970642,434,1.1078200000000002
17,24,-94.46715,-125.6807,31.21355, Trashcan, Chair,11.59265,434,31.21355
7,1,28.26402,139.8627,-111.59868, Well, Stove,10.47528,435,111.59868
3,2,118.9914,-49.85279,168.84419, Wheelbarrow, Stove,8.540344,435,168.84419
1,3,-56.95448,-36.09407,-20.860409999999995, Mailbox, Piano,21.76807,435,20.860409999999995
5,4,35.81944,-2.913495,38.732935, Harp, Piano,20.26691,435,38.732935
14,5,-72.73702,-121.5305,48.79348, Bookshelf, Table,7.55603,435,48.79348
19,6,-92.5138,24.73069,-117.24449, Chair, Table,4.703674,435,117.24449
18,7,84.1824,-156.2066,240.389, Trashcan, Plant,8.657104,435,119.61099999999999
21,8,93.0356,108.8188,-15.783199999999994, Harp, Plant,6.805542,435,15.783199999999994
6,9,161.2587,151.2295,10.029200000000005, Stove, Bookshelf,11.25928,435,10.029200000000005
16,10,-42.08398,-155.7204,113.63642000000002, Plant, Bookshelf,7.222534,435,113.63642000000002
23,11,-45.96017,10.1685,-56.12867, Telescope, Trashcan,6.155029,435,56.12867
8,12,-47.37693,-13.0517,-34.325230000000005, Table, Trashcan,6.238586,435,34.325230000000005
11,13,-163.94,156.9717,-320.9117, Well, Telescope,9.758057,435,39.088300000000004
20,14,161.9753,0.0,161.9753, Wheelbarrow, Telescope,5.704895,435,161.9753
17,15,45.61609,-20.9935,66.60959, Mailbox, Wheelbarrow,8.873962,435,66.60959
22,16,-120.5978,-141.7693,21.17149999999998, Plant, Wheelbarrow,6.872437,435,21.17149999999998
9,17,-153.7586,146.6573,-300.4159, Stove, Harp,11.07556,435,59.58409999999998
4,18,27.16187,-4.299151,31.461021, Telescope, Harp,13.72772,435,31.461021
13,19,-104.6137,-47.17128,-57.44241999999999, Table, Well,6.471985,435,57.44241999999999
10,20,73.0879,8.961795,64.12610500000001, Piano, Well,7.239319,435,64.12610500000001
2,21,28.1786,-146.2155,174.39409999999998, Trashcan, Mailbox,7.989929,435,174.39409999999998
15,22,132.9854,-51.54441,184.52981, Bookshelf, Mailbox,9.441223,435,175.47019
12,23,85.32075,-10.49368,95.81443, Piano, Chair,4.904114,435,95.81443
24,24,111.0032,-125.6807,236.6839, Trashcan, Chair,8.273499,435,123.3161
10,1,130.213,139.8627,-9.649699999999996, Well, Stove,8.022583,436,9.649699999999996
6,2,135.2377,-49.85279,185.09049, Wheelbarrow, Stove,11.12585,436,174.90951
11,3,145.3487,-36.09407,181.44277, Mailbox, Piano,13.7113,436,178.55723
18,4,-38.21102,-2.913495,-35.297525, Harp, Piano,8.256714,436,35.297525
14,5,160.0169,-121.5305,281.5474, Bookshelf, Table,4.987549,436,78.45260000000002
5,6,65.05609,24.73069,40.3254, Chair, Table,7.623108,436,40.3254
2,7,67.9541,-156.2066,224.1607, Trashcan, Plant,5.97168,436,135.8393
21,8,159.8293,108.8188,51.01049999999999, Harp, Plant,9.27417,436,51.01049999999999
8,9,157.5838,151.2295,6.354299999999995, Stove, Bookshelf,16.5636,436,6.354299999999995
24,10,-151.7712,-155.7204,3.949200000000019, Plant, Bookshelf,15.84631,436,3.949200000000019
20,11,-136.9305,10.1685,-147.099, Telescope, Trashcan,8.340332,436,147.099
23,12,17.9908,-13.0517,31.0425, Table, Trashcan,26.55542,436,31.0425
17,13,-145.3591,156.9717,-302.3308, Well, Telescope,7.489502,436,57.66919999999999
22,14,-47.29055,0.0,-47.29055, Wheelbarrow, Telescope,7.772949,436,47.29055
15,15,-108.5954,-20.9935,-87.6019, Mailbox, Wheelbarrow,10.84204,436,87.6019
1,16,-91.35587,-141.7693,50.41342999999999, Plant, Wheelbarrow,13.41119,436,50.41342999999999
9,17,166.2047,146.6573,19.54740000000001, Stove, Harp,28.97437,436,19.54740000000001
16,18,51.84274,-4.299151,56.141891, Telescope, Harp,17.26428,436,56.141891
13,19,-35.88215,-47.17128,11.28913, Table, Well,7.055786,436,11.28913
19,20,71.04575,8.961795,62.083955, Piano, Well,5.387695,436,62.083955
12,21,93.36649,-146.2155,239.58199, Trashcan, Mailbox,5.638062,436,120.41801000000001
7,22,-136.4772,-51.54441,-84.93279000000001, Bookshelf, Mailbox,42.53479,436,84.93279000000001
3,23,180.0,-10.49368,190.49368, Piano, Chair,9.507629,436,169.50632
4,24,128.8534,-125.6807,254.5341, Trashcan, Chair,10.92584,436,105.4659
2,1,153.0095,139.8627,13.146800000000011, Well, Stove,8.090088,437,13.146800000000011
4,2,-101.171,-49.85279,-51.31821000000001, Wheelbarrow, Stove,12.87726,437,51.31821000000001
21,3,58.35535,-36.09407,94.44942, Mailbox, Piano,14.32843,437,94.44942
13,4,-11.7006,-2.913495,-8.787105, Harp, Piano,14.87903,437,8.787105
5,5,-135.4697,-121.5305,-13.939199999999984, Bookshelf, Table,18.66534,437,13.939199999999984
22,6,15.07914,24.73069,-9.65155, Chair, Table,11.20929,437,9.65155
10,7,111.3929,-156.2066,267.59950000000003, Trashcan, Plant,9.20752,437,92.40049999999997
15,8,58.0919,108.8188,-50.72689999999999, Harp, Plant,23.80286,437,50.72689999999999
14,9,149.3003,151.2295,-1.929200000000009, Stove, Bookshelf,11.77643,437,1.929200000000009
19,10,-56.66397,-155.7204,99.05643, Plant, Bookshelf,18.86548,437,99.05643
23,11,53.48432,10.1685,43.31582, Telescope, Trashcan,16.56348,437,43.31582
12,12,44.99999,-13.0517,58.05169, Table, Trashcan,10.14148,437,58.05169
16,13,55.18995,156.9717,-101.78175, Well, Telescope,21.10071,437,101.78175
9,14,-106.5044,0.0,-106.5044, Wheelbarrow, Telescope,32.8938,437,106.5044
18,15,45.93155,-20.9935,66.92505, Mailbox, Wheelbarrow,29.84143,437,66.92505
7,16,-17.76268,-141.7693,124.00661999999998, Plant, Wheelbarrow,30.1582,437,124.00661999999998
8,17,152.1245,146.6573,5.46720000000002, Stove, Harp,14.29492,437,5.46720000000002
20,18,18.43493,-4.299151,22.734081000000003, Telescope, Harp,22.75208,437,22.734081000000003
11,19,-34.52401,-47.17128,12.647270000000006, Table, Well,13.41107,437,12.647270000000006
6,20,22.02728,8.961795,13.065485, Piano, Well,8.240051,437,13.065485
24,21,147.4825,-146.2155,293.698, Trashcan, Mailbox,15.22906,437,66.30200000000002
17,22,-140.4403,-51.54441,-88.89589000000001, Bookshelf, Mailbox,7.672729,437,88.89589000000001
3,23,-114.7515,-10.49368,-104.25782, Piano, Chair,12.96072,437,104.25782
1,24,-140.8752,-125.6807,-15.194500000000003, Trashcan, Chair,23.73627,437,15.194500000000003
1,13,153.2251,156.9717,-3.746613, Well, Telescope,15.646,421,3.746613
2,20,14.17807,8.961795,5.216276, Piano, Well,4.787292,421,5.216276
3,16,-148.475,-141.7693,-6.705643, Plant, Wheelbarrow,8.707092,421,6.705643
4,7,142.4521,-156.2066,298.6587, Trashcan, Plant,9.224121,421,61.34129999999999
5,12,-33.56973,-13.0517,-20.51803, Table, Trashcan,5.637878,421,20.51803
6,19,-21.28267,-47.17128,25.88861, Table, Well,8.323792,421,25.88861
7,11,11.72513,10.1685,1.556623, Telescope, Trashcan,8.823853,421,1.556623
8,21,-132.8094,-146.2155,13.40611, Trashcan, Mailbox,5.304138,421,13.40611
9,14,13.97523,0.0,13.97523, Wheelbarrow, Telescope,6.288818,421,13.97523
10,18,10.06906,-4.299151,14.36821, Telescope, Harp,9.490784,421,14.36821
11,9,150.7143,151.2295,-0.5152588, Stove, Bookshelf,5.654724,421,0.5152588
12,2,-32.38638,-49.85279,17.46642, Wheelbarrow, Stove,4.454041,421,17.46642
13,22,-29.35776,-51.54441,22.18665, Bookshelf, Mailbox,8.122986,421,22.18665
14,5,-81.4621,-121.5305,40.06842, Bookshelf, Table,4.804077,421,40.06842
15,8,-62.82972,108.8188,-171.6485, Harp, Plant,7.072449,421,171.6485
16,1,146.1547,139.8627,6.292007, Well, Stove,4.737305,421,6.292007
17,15,-60.56329,-20.9935,-39.56979, Mailbox, Wheelbarrow,10.35858,421,39.56979
18,23,6.495794,-10.49368,16.98948, Piano, Chair,8.807129,421,16.98948
19,17,110.487,146.6573,-36.17024, Stove, Harp,5.604614,421,36.17024
20,3,-21.57781,-36.09407,14.51627, Mailbox, Piano,6.22168,421,14.51627
21,6,15.23235,24.73069,-9.498336, Chair, Table,3.019165,421,9.498336
22,10,-148.6713,-155.7204,7.049149, Plant, Bookshelf,5.054199,421,7.049149
23,4,-177.8733,-2.913495,-174.9598, Harp, Piano,6.255371,421,174.9598
24,24,-143.2619,-125.6807,-17.5812, Trashcan, Chair,5.72113,421,17.5812
1,19,77.34748,-47.17128,124.5188, Table, Well,9.574661,447,124.5188
2,10,40.54442,-155.7204,196.2649, Plant, Bookshelf,6.90567,447,163.7351
3,14,-103.3553,0.0,-103.3553, Wheelbarrow, Telescope,6.65535,447,103.3553
4,7,157.5333,-156.2066,313.7399, Trashcan, Plant,6.171936,447,46.26010000000002
5,8,-179.3338,108.8188,-288.1526, Harp, Plant,7.105774,447,71.8474
6,3,114.7751,-36.09407,150.8692, Mailbox, Piano,10.87553,447,150.8692
7,2,-110.9245,-49.85279,-61.07171, Wheelbarrow, Stove,4.436951,447,61.07171
8,12,56.14292,-13.0517,69.19462, Table, Trashcan,6.872192,447,69.19462
9,18,-141.8091,-4.299151,-137.5099, Telescope, Harp,4.50386,447,137.5099
10,24,113.4841,-125.6807,239.1648, Trashcan, Chair,9.858063,447,120.83519999999999
11,16,135.9993,-141.7693,277.7686, Plant, Wheelbarrow,4.436981,447,82.23140000000001
12,1,-34.61594,139.8627,-174.4786, Well, Stove,5.721161,447,174.4786
13,6,128.4033,24.73069,103.6726, Chair, Table,5.621582,447,103.6726
14,23,-75.43423,-10.49368,-64.94054, Piano, Chair,5.454376,447,64.94054
15,9,173.3087,151.2295,22.07922, Stove, Bookshelf,4.403687,447,22.07922
16,20,-59.83503,8.961795,-68.79682, Piano, Well,15.62946,447,68.79682
17,21,-47.43665,-146.2155,98.77889, Trashcan, Mailbox,6.705566,447,98.77889
18,15,33.86369,-20.9935,54.85719, Mailbox, Wheelbarrow,3.819672,447,54.85719
19,4,144.8411,-2.913495,147.7546, Harp, Piano,4.236725,447,147.7546
20,22,-94.42696,-51.54441,-42.88255, Bookshelf, Mailbox,4.453918,447,42.88255
21,11,158.6143,10.1685,148.4458, Telescope, Trashcan,5.738129,447,148.4458
22,13,-59.62088,156.9717,-216.5926, Well, Telescope,10.77551,447,143.4074
23,17,115.3273,146.6573,-31.32991, Stove, Harp,6.004852,447,31.32991
24,5,-68.64898,-121.5305,52.88155, Bookshelf, Table,4.770477,447,52.88155
1,10,-139.4512,-155.7204,16.26924, Plant, Bookshelf,10.37538,422,16.26924
2,19,-29.6148,-47.17128,17.55647, Table, Well,7.956253,422,17.55647
3,2,-30.72242,-49.85279,19.13037, Wheelbarrow, Stove,9.107574,422,19.13037
4,21,-161.565,-146.2155,-15.3495, Trashcan, Mailbox,6.472092,422,15.3495
5,12,0.0,-13.0517,13.0517, Table, Trashcan,13.24406,422,13.0517
6,22,-126.8699,-51.54441,-75.32547, Bookshelf, Mailbox,10.80887,422,75.32547
7,11,14.43599,10.1685,4.267486, Telescope, Trashcan,13.7112,422,4.267486
8,5,-94.44739,-121.5305,27.08314, Bookshelf, Table,15.79631,422,27.08314
9,18,-3.074916,-4.299151,1.224235, Telescope, Harp,22.65189,422,1.224235
10,20,9.792155,8.961795,0.8303604, Piano, Well,10.99246,422,0.8303604
11,3,-43.88916,-36.09407,-7.79509, Mailbox, Piano,18.99878,422,7.79509
12,16,-169.2542,-141.7693,-27.48486, Plant, Wheelbarrow,19.94952,422,27.48486
13,8,94.0078,108.8188,-14.81101, Harp, Plant,14.44528,422,14.81101
14,9,160.3674,151.2295,9.137878, Stove, Bookshelf,23.63589,422,9.137878
15,1,147.5755,139.8627,7.712799, Well, Stove,22.91882,422,7.712799
16,6,40.1611,24.73069,15.43042, Chair, Table,4.420166,422,15.43042
17,13,170.3336,156.9717,13.36191, Well, Telescope,6.188354,422,13.36191
18,4,0.0,-2.913495,2.913495, Harp, Piano,7.98999,422,2.913495
19,23,-19.59679,-10.49368,-9.103104, Piano, Chair,4.503784,422,9.103104
20,7,-141.9314,-156.2066,14.27522, Trashcan, Plant,5.25415,422,14.27522
21,15,-39.18238,-20.9935,-18.18888, Mailbox, Wheelbarrow,14.56201,422,18.18888
22,24,-105.5463,-125.6807,20.13439, Trashcan, Chair,8.640533,422,20.13439
23,17,-121.7769,146.6573,-268.4342, Stove, Harp,10.40839,422,91.56580000000002
24,14,18.51376,0.0,18.51376, Wheelbarrow, Telescope,17.99811,422,18.51376
1,15,-139.7636,-20.9935,-118.7701, Mailbox, Wheelbarrow,34.54474,423,118.7701
2,22,155.7722,-51.54441,207.3167, Bookshelf, Mailbox,30.54169,423,152.6833
3,4,-174.8978,-2.913495,-171.9843, Harp, Piano,11.84302,423,171.9843
4,3,-21.97451,-36.09407,14.11956, Mailbox, Piano,43.06854,423,14.11956
5,24,-104.2685,-125.6807,21.41225, Trashcan, Chair,33.21082,423,21.41225
6,6,22.18401,24.73069,-2.546673, Chair, Table,34.49438,423,2.546673
7,11,-14.19602,10.1685,-24.36452, Telescope, Trashcan,19.66626,423,24.36452
8,9,139.9618,151.2295,-11.26773, Stove, Bookshelf,75.89539,423,11.26773
9,8,111.7459,108.8188,2.927094, Harp, Plant,27.77258,423,2.927094
10,23,-20.11965,-10.49368,-9.625967, Piano, Chair,24.11975,423,9.625967
11,13,156.3125,156.9717,-0.6592255, Well, Telescope,35.84607,423,0.6592255
12,7,-175.4735,-156.2066,-19.26692, Trashcan, Plant,19.19897,423,19.26692
13,17,136.3493,146.6573,-10.30792, Stove, Harp,18.58167,423,10.30792
14,5,-128.7629,-121.5305,-7.232399, Bookshelf, Table,50.25781,423,7.232399
15,1,154.6041,139.8627,14.74142, Well, Stove,56.29602,423,14.74142
16,19,-41.0852,-47.17128,6.086079, Table, Well,31.60913,423,6.086079
17,10,167.3807,-155.7204,323.1011, Plant, Bookshelf,28.18982,423,36.898900000000026
18,18,-16.62786,-4.299151,-12.32871, Telescope, Harp,41.18359,423,12.32871
19,12,-26.68619,-13.0517,-13.63449, Table, Trashcan,56.46289,423,13.63449
20,14,160.0169,0.0,160.0169, Wheelbarrow, Telescope,24.53687,423,160.0169
21,2,-24.09592,-49.85279,25.75687, Wheelbarrow, Stove,45.45361,423,25.75687
22,20,10.88553,8.961795,1.923738, Piano, Well,25.38745,423,1.923738
23,21,-128.7682,-146.2155,17.4473, Trashcan, Mailbox,52.02588,423,17.4473
24,16,163.8184,-141.7693,305.5877, Plant, Wheelbarrow,12.79395,423,54.412300000000016
1,8,-36.26855,108.8188,-145.0874, Harp, Plant,9.657532,448,145.0874
2,7,64.6179,-156.2066,220.8245, Trashcan, Plant,5.638,448,139.1755
3,21,-78.49801,-146.2155,67.71754, Trashcan, Mailbox,6.555237,448,67.71754
4,23,33.04342,-10.49368,43.53711, Piano, Chair,4.703979,448,43.53711
5,1,84.65291,139.8627,-55.20975, Well, Stove,8.640381,448,55.20975
6,12,-75.18652,-13.0517,-62.13482, Table, Trashcan,4.737244,448,62.13482
7,16,116.7573,-141.7693,258.5267, Plant, Wheelbarrow,5.454468,448,101.4733
8,15,-71.46575,-20.9935,-50.47226, Mailbox, Wheelbarrow,4.036499,448,50.47226
9,20,143.7974,8.961795,134.8356, Piano, Well,5.170898,448,134.8356
10,10,-55.00799,-155.7204,100.7125, Plant, Bookshelf,3.953308,448,100.7125
11,3,-126.8091,-36.09407,-90.71506, Mailbox, Piano,5.087463,448,90.71506
12,14,36.21618,0.0,36.21618, Wheelbarrow, Telescope,4.870544,448,36.21618
13,13,-95.36774,156.9717,-252.3394, Well, Telescope,5.33783,448,107.66059999999999
14,4,-48.71527,-2.913495,-45.80178, Harp, Piano,18.0152,448,45.80178
15,17,-87.81837,146.6573,-234.4756, Stove, Harp,21.95087,448,125.52440000000001
16,2,77.47118,-49.85279,127.324, Wheelbarrow, Stove,5.170776,448,127.324
17,24,-125.0659,-125.6807,0.6147995, Trashcan, Chair,4.487,448,0.6147995
18,5,47.09292,-121.5305,168.6234, Bookshelf, Table,3.886536,448,168.6234
19,9,-86.39153,151.2295,-237.6211, Stove, Bookshelf,3.953247,448,122.37889999999999
20,6,64.98309,24.73069,40.25241, Chair, Table,4.72052,448,40.25241
21,18,-112.1193,-4.299151,-107.8202, Telescope, Harp,4.303589,448,107.8202
22,11,41.65226,10.1685,31.48375, Telescope, Trashcan,5.337585,448,31.48375
23,22,145.7843,-51.54441,197.3287, Bookshelf, Mailbox,5.771484,448,162.6713
24,19,30.47985,-47.17128,77.65112, Table, Well,3.903137,448,77.65112
1,4,79.72668,-2.913495,82.64017, Harp, Piano,13.69427,424,82.64017
2,11,-9.542377,10.1685,-19.71088, Telescope, Trashcan,13.49432,424,19.71088
3,23,-9.542377,-10.49368,0.9513054, Piano, Chair,7.656311,424,0.9513054
4,21,-146.502,-146.2155,-0.286438, Trashcan, Mailbox,15.44586,424,0.286438
5,22,-37.55466,-51.54441,13.98975, Bookshelf, Mailbox,19.01556,424,13.98975
6,20,10.43747,8.961795,1.475673, Piano, Well,9.841248,424,1.475673
7,7,-146.9545,-156.2066,9.252121, Trashcan, Plant,18.3819,424,9.252121
8,10,-154.359,-155.7204,1.361465, Plant, Bookshelf,15.31244,424,1.361465
9,13,152.4078,156.9717,-4.563858, Well, Telescope,17.03058,424,4.563858
10,2,-30.78415,-49.85279,19.06864, Wheelbarrow, Stove,16.5968,424,19.06864
11,12,-15.74519,-13.0517,-2.693486, Table, Trashcan,9.891541,424,2.693486
12,6,23.82742,24.73069,-0.903265, Chair, Table,6.688782,424,0.903265
13,24,-111.3027,-125.6807,14.37807, Trashcan, Chair,10.65863,424,14.37807
14,15,-36.02737,-20.9935,-15.03388, Mailbox, Wheelbarrow,11.62646,424,15.03388
15,9,141.059,151.2295,-10.17055, Stove, Bookshelf,13.79431,424,10.17055
16,17,129.5485,146.6573,-17.1088, Stove, Harp,19.49927,424,17.1088
17,16,-156.7022,-141.7693,-14.93291, Plant, Wheelbarrow,16.81384,424,14.93291
18,19,-39.3327,-47.17128,7.838573, Table, Well,13.71112,424,7.838573
19,8,98.08266,108.8188,-10.73615, Harp, Plant,22.38507,424,10.73615
20,18,-8.934086,-4.299151,-4.634934, Telescope, Harp,18.61511,424,4.634934
21,3,-17.08529,-36.09407,19.00879, Mailbox, Piano,13.62775,424,19.00879
22,5,-136.4688,-121.5305,-14.93826, Bookshelf, Table,31.42578,424,14.93826
23,14,20.71853,0.0,20.71853, Wheelbarrow, Telescope,11.27588,424,20.71853
24,1,138.1397,139.8627,-1.722977, Well, Stove,9.124207,424,1.722977
1,20,16.26021,8.961795,7.298415, Piano, Well,28.69015,449,7.298415
2,7,-128.5631,-156.2066,27.64351, Trashcan, Plant,12.59357,449,27.64351
3,22,-44.5018,-51.54441,7.042618, Bookshelf, Mailbox,56.0956,449,7.042618
4,19,-19.12894,-47.17128,28.04234, Table, Well,19.88304,449,28.04234
5,11,18.87455,10.1685,8.706044, Telescope, Trashcan,30.69182,449,8.706044
6,23,-14.81347,-10.49368,-4.319785, Piano, Chair,37.08026,449,4.319785
7,18,16.92752,-4.299151,21.22667, Telescope, Harp,26.38826,449,21.22667
8,16,-124.992,-141.7693,16.77729, Plant, Wheelbarrow,50.2076,449,16.77729
9,21,-140.371,-146.2155,5.844543, Trashcan, Mailbox,68.7562,449,5.844543
10,3,-46.13604,-36.09407,-10.04197, Mailbox, Piano,12.37692,449,10.04197
11,1,126.1582,139.8627,-13.70447, Well, Stove,69.82352,449,13.70447
12,15,-32.57957,-20.9935,-11.58607, Mailbox, Wheelbarrow,11.69296,449,11.58607
13,5,-109.5582,-121.5305,11.97228, Bookshelf, Table,63.73529,449,11.97228
14,24,-113.2915,-125.6807,12.38918, Trashcan, Chair,35.94611,449,12.38918
15,4,-3.087623,-2.913495,-0.1741288, Harp, Piano,61.21674,449,0.1741288
16,14,27.57902,0.0,27.57902, Wheelbarrow, Telescope,17.31421,449,27.57902
17,13,178.0336,156.9717,21.06189, Well, Telescope,48.50629,449,21.06189
18,2,-32.20303,-49.85279,17.64977, Wheelbarrow, Stove,43.68555,449,17.64977
19,6,32.91672,24.73069,8.186035, Chair, Table,17.19739,449,8.186035
20,12,-14.66023,-13.0517,-1.608533, Table, Trashcan,31.60925,449,1.608533
21,17,149.2068,146.6573,2.549515, Stove, Harp,61.28339,449,2.549515
22,8,118.6105,108.8188,9.791649, Harp, Plant,51.12512,449,9.791649
23,10,-135.6511,-155.7204,20.06937, Plant, Bookshelf,44.71985,449,20.06937
24,9,146.8215,151.2295,-4.408035, Stove, Bookshelf,14.42828,449,4.408035
1,7,155.5561,-156.2066,311.7626, Trashcan, Plant,15.47934,450,48.23739999999998
2,16,-125.9567,-141.7693,15.81262, Plant, Wheelbarrow,8.873997,450,15.81262
3,4,-125.9567,-2.913495,-123.0432, Harp, Piano,10.37516,450,123.0432
4,15,-34.48396,-20.9935,-13.49046, Mailbox, Wheelbarrow,20.21664,450,13.49046
5,12,-92.24577,-13.0517,-79.19407, Table, Trashcan,7.405899,450,79.19407
6,10,-135.0,-155.7204,20.72043, Plant, Bookshelf,15.69614,450,20.72043
7,18,-135.0,-4.299151,-130.7009, Telescope, Harp,6.271904,450,130.7009
8,11,29.67309,10.1685,19.50459, Telescope, Trashcan,7.155869,450,19.50459
9,17,140.1022,146.6573,-6.555084, Stove, Harp,6.955597,450,6.555084
10,19,178.76,-47.17128,225.9313, Table, Well,26.9721,450,134.0687
11,21,-152.8503,-146.2155,-6.634781, Trashcan, Mailbox,8.657013,450,6.634781
12,20,-92.06013,8.961795,-101.0219, Piano, Well,18.71535,450,101.0219
13,1,-178.1959,139.8627,-318.0586, Well, Stove,18.19832,450,41.94139999999999
14,9,155.9735,151.2295,4.743958, Stove, Bookshelf,7.489563,450,4.743958
15,2,150.2146,-49.85279,200.0674, Wheelbarrow, Stove,8.75708,450,159.9326
16,8,-44.99999,108.8188,-153.8188, Harp, Plant,10.59201,450,153.8188
17,24,-143.3508,-125.6807,-17.67005, Trashcan, Chair,9.707962,450,17.67005
18,22,-51.58198,-51.54441,-0.03756332, Bookshelf, Mailbox,14.72871,450,0.03756332
19,13,-153.5723,156.9717,-310.544, Well, Telescope,7.222656,450,49.45600000000002
20,6,35.66859,24.73069,10.9379, Chair, Table,15.44598,450,10.9379
21,5,-90.94436,-121.5305,30.58617, Bookshelf, Table,14.56233,450,30.58617
22,14,-158.7309,0.0,-158.7309, Wheelbarrow, Telescope,6.521484,450,158.7309
23,23,-158.7309,-10.49368,-148.2372, Piano, Chair,4.453613,450,148.2372
24,3,-27.19814,-36.09407,8.895929, Mailbox, Piano,10.04153,450,8.895929
1,18,75.01835,-4.299151,79.3175, Telescope, Harp,28.54024,451,79.3175
2,7,89.22578,-156.2066,245.4324, Trashcan, Plant,23.5358,451,114.5676
3,9,-56.07014,151.2295,-207.2997, Stove, Bookshelf,11.05898,451,152.7003
4,15,-72.2287,-20.9935,-51.2352, Mailbox, Wheelbarrow,12.05983,451,51.2352
5,23,167.3349,-10.49368,177.8286, Piano, Chair,16.17998,451,177.8286
6,6,-29.05463,24.73069,-53.78532, Chair, Table,15.46284,451,53.78532
7,17,49.30439,146.6573,-97.35287, Stove, Harp,17.86494,451,97.35287
8,22,-150.7511,-51.54441,-99.20673, Bookshelf, Mailbox,12.89346,451,99.20673
9,10,-113.4046,-155.7204,42.3158, Plant, Bookshelf,17.7478,451,42.3158
10,1,56.7934,139.8627,-83.06925, Well, Stove,9.240936,451,83.06925
11,8,-18.435,108.8188,-127.2538, Harp, Plant,17.96463,451,127.2538
12,21,-26.56505,-146.2155,119.6505, Trashcan, Mailbox,17.28073,451,119.6505
13,20,76.42957,8.961795,67.46777, Piano, Well,17.96481,451,67.46777
14,14,22.49649,0.0,22.49649, Wheelbarrow, Telescope,11.276,451,22.49649
15,4,35.665,-2.913495,38.5785, Harp, Piano,24.11951,451,38.5785
16,12,-144.7824,-13.0517,-131.7307, Table, Trashcan,9.174255,451,131.7307
17,3,17.10274,-36.09407,53.19682, Mailbox, Piano,10.65881,451,53.19682
18,11,-107.5603,10.1685,-117.7288, Telescope, Trashcan,18.71506,451,117.7288
19,19,38.55843,-47.17128,85.72971, Table, Well,15.12918,451,85.72971
20,16,-120.2032,-141.7693,21.56607, Plant, Wheelbarrow,8.97403,451,21.56607
21,24,-143.9727,-125.6807,-18.29194, Trashcan, Chair,9.707977,451,18.29194
22,5,111.3706,-121.5305,232.9011, Bookshelf, Table,15.71277,451,127.09889999999999
23,2,-54.29325,-49.85279,-4.44046, Wheelbarrow, Stove,9.641327,451,4.44046
24,13,57.75004,156.9717,-99.22165, Well, Telescope,10.62582,451,99.22165
1,20,7.91552,8.219243,-0.3037229, Piano, Well,8.740387,406,0.3037229
2,17,-136.6366,144.9,-281.5366, Stove, Harp,6.488678,406,78.46339999999998
3,24,146.7414,0.0,146.7414, Trashcan, Chair,6.705444,406,146.7414
4,10,-129.6442,-153.343,23.69882, Plant, Bookshelf,6.238525,406,23.69882
5,4,65.29758,0.0,65.29758, Harp, Piano,5.220886,406,65.29758
6,15,-46.08091,-28.01298,-18.06794, Mailbox, Wheelbarrow,4.703979,406,18.06794
7,16,-151.4009,-144.7506,-6.650253, Plant, Wheelbarrow,6.28833,406,6.650253
8,9,154.3163,153.343,0.9733429, Stove, Bookshelf,6.689026,406,0.9733429
9,19,-46.54817,-47.30846,0.7602959, Table, Well,8.490234,406,0.7602959
10,1,118.2174,138.3917,-20.17439, Well, Stove,8.607056,406,20.17439
11,12,-23.19859,-12.36907,-10.82951, Table, Trashcan,6.622131,406,10.82951
12,21,146.1738,0.0,146.1738, Trashcan, Mailbox,6.121704,406,146.1738
13,2,-40.486,-46.67025,6.184242, Wheelbarrow, Stove,8.373535,406,6.184242
14,11,-17.01467,10.43102,-27.44569, Telescope, Trashcan,4.68689,406,27.44569
15,14,-4.53773,0.0,-4.53773, Wheelbarrow, Telescope,6.42218,406,4.53773
16,23,34.88201,-9.870657,44.75267, Piano, Chair,9.14093,406,44.75267
17,6,6.757115,25.74439,-18.98728, Chair, Table,5.921387,406,18.98728
18,3,-41.84204,-34.83792,-7.004124, Mailbox, Piano,11.72644,406,7.004124
19,5,91.37046,-116.2627,207.6332, Bookshelf, Table,5.40448,406,152.3668
20,7,-142.9914,0.0,-142.9914, Trashcan, Plant,9.891541,406,142.9914
21,13,143.1301,156.3272,-13.19708, Well, Telescope,4.887268,406,13.19708
22,22,-61.27385,-49.23639,-12.03746, Bookshelf, Mailbox,6.171753,406,12.03746
23,18,-32.07786,-7.283569,-24.79429, Telescope, Harp,6.588623,406,24.79429
24,8,-140.4119,106.7626,-247.1744, Harp, Plant,9.874878,406,112.82560000000001
