Participant ID,Level,Time,PosX,PosY,PosZ,Facing Angle
443,10,80.48444,1.777561,1.507326,1.175051,186.0224
443,10,80.70667,1.785423,1.509767,1.160895,185.9064
443,10,80.92889,1.789579,1.514519,1.167465,186.1144
443,10,81.15112,1.78967,1.518879,1.18917,186.5385
443,10,81.37334,1.788202,1.545402,1.227159,184.7898
443,10,81.59556,1.780737,1.56438,1.275256,182.151
443,10,81.81778,1.768941,1.559486,1.30915,179.6241
443,10,82.04,1.763838,1.564102,1.332567,175.4164
443,10,82.26222,1.754533,1.564631,1.35466,189.3249
443,10,82.48444,1.778185,1.560848,1.37256,193.2765
443,10,82.70667,1.823498,1.562634,1.387658,186.4545
443,10,82.92889,1.863342,1.55883,1.403801,179.6225
443,10,83.15112,1.881963,1.553849,1.409767,180.3322
443,10,83.37334,1.885752,1.551298,1.408705,180.4442
443,10,83.59556,1.885569,1.54978,1.402241,180.7099
443,10,83.81778,1.88306,1.541546,1.392901,182.7835
443,10,84.04,1.886024,1.538358,1.376196,181.3942
443,10,84.26222,1.854067,1.539777,1.357247,204.7115
443,10,84.48444,1.796554,1.527547,1.384095,252.5916
443,10,84.70667,1.724472,1.51608,1.401636,277.2741
443,10,84.92889,1.632785,1.506928,1.344499,272.966
443,10,85.15112,1.608053,1.506518,1.309052,270.5128
443,10,85.37334,1.591366,1.49265,1.260645,269.7144
443,10,85.59556,1.49687,1.48852,1.203726,269.7431
443,10,85.81778,1.347259,1.512862,1.136029,262.6757
443,10,86.04,1.21944,1.527546,1.058976,247.2761
443,10,86.26222,1.078598,1.513186,1.003328,247.8991
443,10,86.48444,0.9110433,1.527029,0.9598806,256.9963
443,10,86.70667,0.748795,1.515274,0.999894,294.611
443,10,86.92889,0.5726094,1.510803,1.066303,310.2762
443,10,87.15112,0.4065114,1.526516,1.132582,320.4008
443,10,87.37334,0.2653063,1.515457,1.189077,333.9007
443,10,87.59556,0.1382302,1.49856,1.256516,346.8235
443,10,87.81778,0.05211455,1.487291,1.366775,354.2934
443,10,88.04,0.02743864,1.472933,1.540287,353.005
443,10,88.26222,0.02808385,1.521928,1.769188,345.3719
443,10,88.48444,0.0009872522,1.542678,1.978518,334.8755
443,10,88.70667,-0.05717555,1.520685,2.175237,332.9336
443,10,88.92889,-0.1266241,1.544526,2.356047,323.0517
443,10,89.15112,-0.1893573,1.528367,2.521953,303.3198
443,10,89.37334,-0.2685492,1.531114,2.691216,277.9969
443,10,89.59556,-0.4050404,1.535772,2.824433,262.2693
443,10,89.81778,-0.5903288,1.515168,2.891511,262.4136
443,10,90.04,-0.8063089,1.553071,2.9233,266.1558
443,10,90.26222,-1.02994,1.549972,2.972106,268.0012
443,10,90.48444,-1.255307,1.544662,3.033191,265.0212
443,10,90.70667,-1.440263,1.574081,3.023529,235.9883
443,10,90.92889,-1.563442,1.567997,2.946516,207.8902
443,10,91.15112,-1.694899,1.543124,2.807262,200.3679
443,10,91.37334,-1.808698,1.560091,2.625582,198.7307
443,10,91.59556,-1.891408,1.550344,2.43649,197.8332
443,10,91.81778,-1.988553,1.542032,2.229353,196.5121
443,10,92.04,-2.036195,1.554511,2.011547,199.8272
443,10,92.26222,-2.054574,1.528488,1.786926,202.3004
443,10,92.48444,-2.100825,1.557767,1.554844,202.997
443,10,92.70667,-2.201263,1.536184,1.346452,196.9033
443,10,92.92889,-2.352151,1.551774,1.137864,190.8079
443,10,93.15112,-2.45822,1.561265,0.9227282,181.2511
443,10,93.37334,-2.531464,1.525777,0.6839829,175.3727
443,10,93.59556,-2.595015,1.561063,0.4303237,176.298
443,10,93.81778,-2.65685,1.536218,0.1742213,181.6615
443,10,94.04,-2.726798,1.544471,-0.1044909,185.2722
443,10,94.26222,-2.753379,1.562617,-0.3844606,186.0818
443,10,94.48444,-2.754799,1.519758,-0.6580586,190.4033
443,10,94.70667,-2.754253,1.5539,-0.911693,197.9926
443,10,94.92889,-2.771126,1.524293,-1.155044,203.3575
443,10,95.15112,-2.817602,1.531808,-1.398005,208.4362
443,24,131.5067,0.7950729,1.853522,-3.164437,9.00922
443,24,131.7289,0.7924061,1.85286,-3.152677,9.452649
443,24,131.9511,0.7951241,1.853731,-3.155888,8.622599
443,24,132.1733,0.806468,1.857289,-3.193368,8.119009
443,24,132.3956,0.8245415,1.86203,-3.265233,5.703052
443,24,132.6178,0.8556594,1.891622,-3.317221,2.441051
443,24,132.84,0.884854,1.893763,-3.283484,3.434914
443,24,133.0622,0.9234988,1.861851,-3.425578,0.5693352
443,24,133.2845,0.8962892,1.857325,-3.426659,0.7642195
443,24,133.5067,0.8801746,1.858849,-3.423179,2.730971
443,24,133.7289,0.8803711,1.85355,-3.42204,2.127846
443,24,133.9511,0.8617777,1.858993,-3.425814,359.2134
443,24,134.1733,0.8565342,1.862303,-3.431321,355.7523
443,24,134.3956,0.860451,1.869721,-3.435971,354.924
443,24,134.6178,0.8674235,1.87053,-3.436209,353.692
443,24,134.84,0.8758391,1.871522,-3.43199,355.9216
443,24,135.0622,0.8872432,1.873905,-3.427492,357.6401
443,24,135.2845,0.9047314,1.866092,-3.419984,6.700236
443,24,135.5067,0.9131287,1.851156,-3.399837,20.4124
443,24,135.7289,0.9242263,1.848632,-3.364127,44.16243
443,24,135.9511,0.9306595,1.848019,-3.296839,53.47647
443,24,136.1733,0.9559492,1.842969,-3.215786,53.95977
443,24,136.3956,1.039456,1.837209,-3.148029,45.96018
443,24,136.6178,1.200763,1.836073,-3.108745,39.36742
443,24,136.84,1.364908,1.857791,-3.041429,19.66123
443,24,137.0622,1.498961,1.850611,-2.935623,8.430065
443,24,137.2845,1.594125,1.834778,-2.767911,5.630583
443,24,137.5067,1.675358,1.852418,-2.577451,2.31882
443,24,137.7289,1.773851,1.834786,-2.384952,357.9377
443,24,137.9511,1.877193,1.836824,-2.174197,352.0242
443,24,138.1733,1.904537,1.835613,-1.970371,344.7511
443,24,138.3956,1.833082,1.807131,-1.784374,323.3635
443,24,138.6178,1.732353,1.824423,-1.595519,303.3642
443,24,138.84,1.647581,1.817338,-1.402092,295.9649
443,24,139.0622,1.544432,1.804463,-1.232675,280.3939
443,24,139.2845,1.388034,1.811693,-1.109719,283.8389
443,24,139.5067,1.199379,1.788762,-1.078296,292.1531
443,24,139.7289,0.9745657,1.80231,-1.086259,299.5129
443,24,139.9511,0.7493483,1.793328,-1.045407,306.266
443,24,140.1733,0.5362933,1.775664,-0.9412682,317.3726
443,24,140.3956,0.361878,1.794424,-0.8471342,328.5993
443,24,140.6178,0.2255572,1.770305,-0.7592939,341.1482
443,24,140.84,0.1151318,1.763831,-0.6796389,350.5356
443,24,141.0622,0.04933406,1.718811,-0.581592,357.4457
443,24,141.2845,0.01968377,1.688184,-0.4430341,359.5542
443,24,141.5067,0.02650047,1.719693,-0.2610325,9.27354
443,24,141.7289,0.0323178,1.750212,-0.09330386,14.53256
443,24,141.9511,0.0264148,1.73942,0.08175169,19.26535
443,24,142.1733,0.02697851,1.723659,0.2660604,30.91786
443,24,142.3956,0.04694024,1.740749,0.4456083,48.10306
443,24,142.6178,0.08449253,1.736588,0.5897413,55.40127
443,24,142.84,0.07988888,1.754145,0.7299388,18.56188
443,24,143.0622,0.01549402,1.761873,0.7568748,315.0219
443,24,143.2845,0.01690463,1.761168,0.7121527,264.9786
443,24,143.5067,0.03549802,1.760545,0.7035983,243.5307
443,24,143.7289,0.05038761,1.757475,0.6660489,217.8409
443,24,143.9511,0.05456296,1.747895,0.6006594,198.381
443,24,144.1733,0.0430628,1.748236,0.5543583,187.8319
443,24,144.3956,0.01491162,1.746244,0.5456277,186.2992
443,24,144.6178,-0.01129963,1.746467,0.4959464,186.3316
443,24,144.84,-0.001862662,1.731996,0.360592,190.6281
443,24,145.0622,0.04143305,1.744355,0.1546628,197.9917
443,24,145.2845,0.04250778,1.771301,-0.06797992,205.92
443,24,145.5067,-0.02605538,1.746456,-0.2855896,211.4418
443,24,145.7289,-0.1465528,1.774951,-0.4932118,227.3834
443,24,145.9511,-0.2497007,1.771634,-0.682357,236.4971
443,24,146.1733,-0.3316161,1.768201,-0.8876418,219.5896
443,24,146.3956,-0.4466577,1.784906,-1.057945,205.1106
443,24,146.6178,-0.5864542,1.763944,-1.209848,194.4461
443,24,146.84,-0.7116657,1.780354,-1.382094,177.8453
443,24,147.0622,-0.7859529,1.772287,-1.590909,173.4059
443,24,147.2845,-0.8120172,1.772915,-1.819478,191.2228
443,24,147.5067,-0.8576897,1.797202,-2.063568,208.1739
443,24,147.7289,-0.9472125,1.775385,-2.309529,215.4979
443,24,147.9511,-1.059576,1.798636,-2.513683,234.3433
443,24,148.1733,-1.164875,1.786878,-2.693872,249.8303
443,24,148.3956,-1.290444,1.787298,-2.834405,275.918
443,24,148.6178,-1.453554,1.78036,-2.919383,293.091
443,24,148.84,-1.668255,1.77333,-2.937824,300.691
443,24,149.0622,-1.879655,1.795875,-2.931153,305.7419
443,24,149.2845,-2.081049,1.783799,-2.904014,316.8048
443,24,149.5067,-2.279029,1.771562,-2.854958,334.7613
443,24,149.7289,-2.442374,1.778256,-2.759631,349.3857
443,24,149.9511,-2.540545,1.753968,-2.59209,356.958
443,24,150.1733,-2.59234,1.778466,-2.353086,2.703866
443,24,150.3956,-2.660866,1.780074,-2.117115,6.269288
443,24,150.6178,-2.745981,1.737636,-1.887355,6.820325
443,24,150.84,-2.801003,1.760704,-1.628146,10.3688
443,24,151.0622,-2.820684,1.584242,-1.338656,11.75034
443,24,151.2845,-2.776672,1.607226,-1.066404,11.59874
443,24,151.5067,-2.774462,1.622804,-0.8062425,12.36648
443,24,151.7289,-2.801702,1.596058,-0.5464295,14.31344
443,24,151.9511,-2.805742,1.622102,-0.2761116,20.53012
443,24,152.1733,-2.763807,1.585977,-0.01363753,29.65496
443,24,152.3956,-2.675579,1.595384,0.2491014,37.61697
443,24,152.6178,-2.623802,1.606817,0.4862922,36.29601
443,24,152.84,-2.571889,1.576411,0.7173306,37.41833
443,24,153.0622,-2.484096,1.605679,0.9387837,37.37591
443,24,153.2845,-2.367556,1.583962,1.135512,20.86706
443,24,153.5067,-2.202237,1.593013,1.324286,358.9568
443,24,153.7289,-2.083185,1.59694,1.535683,347.4279
443,24,153.9511,-2.034696,1.566103,1.773026,339.3668
443,24,154.1733,-2.022306,1.598089,1.980282,321.1059
443,24,154.3956,-1.983738,1.587626,2.190044,315.943
443,24,154.6178,-1.862705,1.590216,2.438429,353.4695
443,24,154.84,-1.737611,1.603791,2.612727,44.43548
443,24,155.0622,-1.654619,1.571317,2.777073,66.86667
443,24,155.2845,-1.554307,1.578374,2.922273,88.85943
443,24,155.5067,-1.400989,1.565981,3.040824,101.3247
443,24,155.7289,-1.192114,1.561035,3.084538,102.3638
443,24,155.9511,-0.9458157,1.597079,3.113066,97.8103
443,24,156.1733,-0.7264449,1.584649,3.144025,108.2962
443,24,156.3956,-0.5153304,1.582639,3.168076,138.7098
443,24,156.6178,-0.2754954,1.59315,3.179785,138.7323
443,24,156.84,-0.02722982,1.57021,3.161156,118.7268
443,24,157.0622,0.2106125,1.604697,3.120407,111.382
443,24,157.2845,0.4323013,1.590428,3.107085,108.2362
443,24,157.5067,0.6851974,1.583827,3.127187,100.4218
443,24,157.7289,0.9371735,1.607661,3.131958,90.40104
443,24,157.9511,1.193295,1.58089,3.090439,97.96676
443,24,158.1733,1.461018,1.602701,3.026296,108.2631
443,24,158.3956,1.711131,1.602872,2.994205,118.9747
443,24,158.6178,1.957675,1.571836,2.970575,132.5443
443,24,158.84,2.190814,1.60028,2.892732,150.2943
443,24,159.0622,2.368623,1.580709,2.755471,155.726
443,24,159.2845,2.490257,1.60088,2.556983,158.9358
443,24,159.5067,2.601126,1.618035,2.348729,162.9866
443,24,159.7289,2.71254,1.587205,2.13333,165.03
443,24,159.9511,2.788517,1.623307,1.923846,163.4543
443,24,160.1733,2.809667,1.61098,1.735191,157.9456
443,24,160.3956,2.776501,1.604976,1.539243,144.646
443,20,180.8956,1.574065,1.61645,-2.110277,84.15595
443,20,181.1178,1.584224,1.625779,-2.109931,83.89246
443,20,181.34,1.590105,1.630689,-2.106022,83.24017
443,20,181.5622,1.577443,1.631549,-2.085684,83.1811
443,20,181.7845,1.549945,1.639219,-2.052789,84.71239
443,20,182.0067,1.518503,1.645258,-2.010108,85.35287
443,20,182.2289,1.488303,1.643866,-1.974803,85.24632
443,20,182.4511,1.463166,1.648438,-1.97179,90.91032
443,20,182.6733,1.4523,1.651283,-2.006875,108.2464
443,20,182.8956,1.442119,1.631602,-2.077609,146.3437
443,20,183.1178,1.442083,1.618199,-2.129225,176.1983
443,20,183.34,1.468575,1.621254,-2.15933,204.5709
443,20,183.5622,1.525162,1.617275,-2.161661,234.6366
443,20,183.7845,1.576086,1.618598,-2.141796,263.4993
443,20,184.0067,1.603047,1.620066,-2.137833,271.2024
443,20,184.2289,1.60866,1.622075,-2.206606,241.1229
443,20,184.4511,1.629083,1.613875,-2.289353,225.5701
443,20,184.6733,1.636686,1.594392,-2.404841,229.4737
443,20,184.8956,1.636572,1.605325,-2.570704,244.5972
443,20,185.1178,1.583065,1.603594,-2.72986,261.0163
443,20,185.34,1.440343,1.583539,-2.838893,272.2944
443,20,185.5622,1.241536,1.604944,-2.909897,283.6343
443,20,185.7845,1.041521,1.624007,-3.013635,276.502
443,20,186.0067,0.8329233,1.58952,-3.119253,274.0837
443,20,186.2289,0.5910475,1.613896,-3.191795,281.7471
443,20,186.4511,0.3250537,1.586013,-3.208921,281.7956
443,20,186.6733,0.03467792,1.601797,-3.153533,281.8774
443,20,186.8956,-0.2598635,1.619539,-3.131731,279.8216
443,20,187.1178,-0.5623274,1.588397,-3.137979,278.53
443,20,187.34,-0.8743947,1.627034,-3.139854,278.2665
443,20,187.5622,-1.191162,1.584188,-3.109459,283.6526
443,20,187.7845,-1.51529,1.615449,-3.055572,293.2618
443,20,188.0067,-1.817618,1.59851,-3.005569,301.8268
443,20,188.2289,-2.110976,1.571439,-2.922982,319.5414
443,20,188.4511,-2.325753,1.588176,-2.778823,338.6902
443,20,188.6733,-2.455481,1.581816,-2.556541,350.6292
443,20,188.8956,-2.54699,1.608106,-2.313417,1.778694
443,20,189.1178,-2.636972,1.580571,-2.046787,5.432838
443,20,189.34,-2.709458,1.605847,-1.763275,7.698522
443,20,189.5622,-2.724531,1.588145,-1.465107,8.096146
443,20,189.7845,-2.687788,1.60205,-1.134454,7.742619
443,20,190.0067,-2.686024,1.611373,-0.8036546,7.119736
443,20,190.2289,-2.699401,1.580607,-0.4826302,11.44075
443,20,190.4511,-2.677699,1.610343,-0.1687165,18.28789
443,20,190.6733,-2.602508,1.567658,0.138101,25.54765
443,20,190.8956,-2.50528,1.606883,0.4322275,29.60755
443,20,191.1178,-2.405087,1.579382,0.712829,24.88868
443,20,191.34,-2.29832,1.599342,0.9901782,16.24583
443,20,191.5622,-2.174746,1.60458,1.243646,6.841223
443,20,191.7845,-2.040098,1.579578,1.495322,351.7832
443,20,192.0067,-1.967143,1.595513,1.754538,341.6258
443,20,192.2289,-1.912177,1.557744,2.031625,5.246805
443,20,192.4511,-1.85265,1.595418,2.287562,40.92654
443,20,192.6733,-1.767327,1.581998,2.502873,58.77655
443,20,192.8956,-1.601408,1.575229,2.697379,71.49298
443,20,193.1178,-1.412478,1.587872,2.866609,83.10924
443,20,193.34,-1.194504,1.562599,3.011423,87.75842
443,20,193.5622,-0.9407737,1.607819,3.101418,92.75808
443,20,193.7845,-0.6909004,1.582373,3.132404,95.33507
443,20,194.0067,-0.4212303,1.606511,3.119324,98.03183
443,20,194.2289,-0.1504798,1.598684,3.124257,101.0743
443,20,194.4511,0.1220445,1.585345,3.149094,104.84
443,20,194.6733,0.3899156,1.61876,3.144795,106.6915
443,20,194.8956,0.6447862,1.580381,3.097029,110.0784
443,20,195.1178,0.8818724,1.610029,3.029692,115.5661
443,20,195.34,1.077516,1.618409,2.997948,124.8947
443,15,211.2622,0.3242897,1.650985,-0.02322904,273.8763
443,15,211.4845,0.2887069,1.65241,-0.005742242,270.72
443,15,211.7067,0.2961264,1.650133,-0.006768985,269.2687
443,15,211.9289,0.3377442,1.636512,-0.02320715,275.5537
443,15,212.1511,0.3861677,1.621614,-0.05761838,276.5515
443,15,212.3733,0.4116557,1.623737,-0.09512991,258.6661
443,15,212.5956,0.4102305,1.621374,-0.1161267,231.2219
443,15,212.8178,0.3688375,1.614397,-0.1210377,221.5404
443,15,213.04,0.3200362,1.605468,-0.1761135,217.5907
443,15,213.2622,0.2682289,1.591208,-0.2934987,227.8398
443,15,213.4845,0.2133068,1.604106,-0.4476759,241.2738
443,15,213.7067,0.1318211,1.60449,-0.5639967,248.763
443,15,213.9289,-0.004763269,1.592512,-0.6432767,254.4699
443,15,214.1511,-0.1795462,1.611064,-0.7135249,252.7569
443,15,214.3733,-0.327678,1.620273,-0.818228,237.3611
443,15,214.5956,-0.4427991,1.595592,-0.9536271,203.3699
443,15,214.8178,-0.5839981,1.600609,-1.113541,195.766
443,15,215.04,-0.7086736,1.612594,-1.277084,186.9084
443,15,215.2622,-0.8245293,1.599819,-1.44792,179.6132
443,15,215.4845,-0.9124897,1.613131,-1.649307,175.9516
443,15,215.7067,-0.9381846,1.589119,-1.870346,179.3096
443,15,215.9289,-0.8989977,1.600203,-2.107131,179.2753
443,15,216.1511,-0.8454286,1.619745,-2.305278,140.4123
443,15,216.3733,-0.8623808,1.598244,-2.49032,117.9472
443,15,216.5956,-0.9147656,1.613608,-2.688202,115.4419
443,15,216.8178,-1.027097,1.61638,-2.904108,170.3114
443,15,217.04,-1.146659,1.605896,-3.014633,238.043
443,15,217.2622,-1.202904,1.623145,-3.112169,259.8085
443,15,217.4845,-1.257429,1.627681,-3.210912,240.3565
443,15,217.7067,-1.213867,1.635683,-3.281894,184.1566
443,15,217.9289,-1.167521,1.632791,-3.272041,148.355
443,15,218.1511,-1.312173,1.63788,-3.28352,197.5665
443,15,218.3733,-1.558424,1.60549,-3.143447,271.3143
443,15,218.5956,-1.721585,1.607127,-3.021542,303.6602
443,15,218.8178,-1.908727,1.609839,-2.957793,314.0888
443,15,219.04,-2.11461,1.567344,-2.895423,323.8368
443,15,219.2622,-2.303845,1.588712,-2.794103,344.8156
443,15,219.4845,-2.404995,1.584005,-2.680869,4.503999
443,15,219.7067,-2.41479,1.597027,-2.684634,39.23062
443,15,219.9289,-2.425738,1.592445,-2.775501,60.72514
443,15,220.1511,-2.394821,1.609575,-2.864233,61.10361
443,2,235.84,-2.678066,1.623348,2.954068,274.9813
443,2,236.0622,-2.692825,1.626192,2.959051,273.4051
443,2,236.2845,-2.67569,1.627148,2.946421,270.3155
443,2,236.5067,-2.632425,1.625023,2.925702,270.2648
443,2,236.7289,-2.575344,1.625015,2.904202,277.6444
443,2,236.9511,-2.520056,1.625934,2.894989,283.0266
443,2,237.1733,-2.477332,1.623637,2.895304,276.7619
443,2,237.3956,-2.447706,1.614304,2.928201,282.7436
443,2,237.6178,-2.433331,1.590597,2.960751,284.7343
443,2,237.84,-2.4466,1.577205,2.977903,284.3902
443,2,238.0622,-2.465504,1.58146,3.005339,324.2602
443,2,238.2845,-2.459157,1.582383,3.000856,22.3559
443,2,238.5067,-2.439403,1.575844,2.943953,76.99686
443,2,238.7289,-2.376832,1.574957,2.86682,102.3766
443,2,238.9511,-2.291186,1.567097,2.79732,116.7137
443,2,239.1733,-2.193229,1.575756,2.757175,122.6352
443,2,239.3956,-2.101413,1.56769,2.75035,140.448
443,2,239.6178,-2.028526,1.555393,2.77678,168.0504
443,2,239.84,-1.949121,1.561239,2.735247,176.4694
443,2,240.0622,-1.91332,1.565849,2.659716,179.1036
443,2,240.2845,-1.895298,1.578511,2.601981,182.4279
443,2,240.5067,-1.87535,1.590583,2.573882,178.3862
443,2,240.7289,-1.815656,1.596577,2.628888,142.8416
443,2,240.9511,-1.770843,1.580551,2.781745,110.3211
443,2,241.1733,-1.731931,1.583666,2.922928,94.39635
443,2,241.3956,-1.703611,1.589962,3.000036,95.34166
443,2,241.6178,-1.703782,1.58687,3.035535,90.97504
443,2,241.84,-1.695801,1.586716,3.054143,90.12528
443,2,242.0622,-1.681233,1.587348,3.060291,89.93269
443,2,242.2845,-1.675756,1.589342,3.06179,90.6517
443,2,242.5067,-1.676193,1.596565,3.04305,108.8472
443,2,242.7289,-1.701786,1.587068,2.975682,142.1798
443,2,242.9511,-1.741582,1.582301,2.854625,161.0893
443,2,243.1733,-1.798314,1.575358,2.669441,170.2742
443,2,243.3956,-1.875692,1.587753,2.460926,187.7528
443,2,243.6178,-1.899806,1.580679,2.246009,194.781
443,2,243.84,-1.901928,1.562505,2.019497,201.6084
443,2,244.0622,-1.959723,1.591436,1.789582,206.426
443,2,244.2845,-2.083458,1.575634,1.593269,198.7912
443,2,244.5067,-2.231979,1.608298,1.407945,188.8209
443,2,244.7289,-2.354664,1.597588,1.213005,183.3067
443,2,244.9511,-2.443371,1.584452,0.9982153,179.3103
443,2,245.1733,-2.532364,1.596397,0.7743053,174.2535
443,2,245.3956,-2.634541,1.572944,0.5382644,173.0484
443,2,245.6178,-2.744064,1.590608,0.2847785,171.716
443,2,245.84,-2.802121,1.593781,0.01623707,177.9139
443,2,246.0622,-2.80076,1.579914,-0.2606356,176.9346
443,2,246.2845,-2.794877,1.611504,-0.535018,169.7056
443,2,246.5067,-2.815327,1.580752,-0.8339584,170.1129
443,2,246.7289,-2.836121,1.605255,-1.123412,165.9703
443,2,246.9511,-2.823985,1.59912,-1.390853,161.5596
443,2,247.1733,-2.786139,1.58494,-1.67229,158.4485
443,2,247.3956,-2.745698,1.606597,-1.95755,151.379
443,2,247.6178,-2.705389,1.574513,-2.244164,142.5109
443,2,247.84,-2.596931,1.595007,-2.502658,117.2885
443,2,248.0622,-2.438342,1.576862,-2.674943,90.52288
443,2,248.2845,-2.218744,1.592335,-2.809988,88.92772
443,2,248.5067,-1.990984,1.608885,-2.90425,73.29707
443,2,248.7289,-1.730383,1.58222,-3.03375,79.73613
443,2,248.9511,-1.44222,1.617169,-3.115164,81.84055
443,2,249.1733,-1.159174,1.585696,-3.128152,79.85901
443,2,249.3956,-0.8692287,1.612874,-3.111193,80.53365
443,2,249.6178,-0.5770868,1.608981,-3.11717,80.42466
443,2,249.84,-0.274883,1.605436,-3.153336,82.51331
443,2,250.0622,0.01830774,1.639149,-3.1569,83.35222
443,2,250.2845,0.3041696,1.599318,-3.132701,81.62728
443,2,250.5067,0.5757524,1.632102,-3.104286,76.58243
443,2,250.7289,0.8336752,1.61937,-3.078424,68.36345
443,2,250.9511,1.093478,1.615055,-3.075259,59.36778
443,2,251.1733,1.312736,1.640614,-3.03282,41.62661
443,2,251.3956,1.501305,1.598056,-2.94214,22.04849
443,2,251.6178,1.658545,1.611394,-2.817972,7.639202
443,2,251.84,1.799468,1.608376,-2.676487,357.9978
443,2,252.0622,1.929425,1.606659,-2.501302,355.7051
443,2,252.2845,2.002674,1.615053,-2.296902,2.597472
443,2,252.5067,2.013708,1.595265,-2.067576,6.32798
443,2,252.7289,2.021797,1.63134,-1.807343,12.53675
443,2,252.9511,2.077949,1.615415,-1.572731,16.97133
443,2,253.1733,2.190806,1.620004,-1.35117,10.37074
443,2,253.3956,2.285285,1.625769,-1.152807,1.422552
443,2,253.6178,2.362019,1.595469,-0.9582022,4.649322
443,2,253.84,2.432732,1.621424,-0.7517657,16.64797
443,2,254.0622,2.488146,1.614884,-0.5315973,14.75884
443,2,254.2845,2.565113,1.608412,-0.3003806,358.0543
443,2,254.5067,2.624099,1.628458,-0.05254085,348.5421
443,2,254.7289,2.641043,1.596037,0.2002739,340.1237
443,2,254.9511,2.592873,1.613314,0.4239478,304.0679
443,2,255.1733,2.594412,1.615421,0.6397693,281.261
443,2,255.3956,2.627573,1.600899,0.8754669,269.2877
443,2,255.6178,2.638866,1.619866,1.043801,250.9055
443,2,255.84,2.617297,1.606658,1.194454,264.9019
443,2,256.0622,2.634402,1.614129,1.40811,327.4476
443,2,256.2845,2.667327,1.600007,1.579908,351.3586
443,2,256.5067,2.704395,1.601941,1.788171,346.677
443,2,256.7289,2.707382,1.621307,1.999544,328.576
443,2,256.9511,2.675167,1.592217,2.217943,314.3465
443,2,257.1733,2.593217,1.594648,2.437979,310.675
443,2,257.3956,2.512149,1.607142,2.604706,291.355
443,2,257.6178,2.438128,1.583137,2.749444,256.3511
443,2,257.84,2.345173,1.594308,2.935664,247.3615
443,2,258.0622,2.197829,1.589503,3.070015,244.3333
443,2,258.2845,1.98711,1.581562,3.160401,259.4989
443,2,258.5067,1.755365,1.613209,3.216248,264.5775
443,2,258.7289,1.519248,1.592363,3.275156,260.293
443,2,258.9511,1.268043,1.599217,3.341846,259.0444
443,2,259.1733,1.014243,1.601213,3.353959,256.4413
443,2,259.3956,0.7699586,1.579041,3.303848,240.2669
443,2,259.6178,0.5710748,1.603469,3.23828,207.8656
443,2,259.84,0.3502682,1.584835,3.218304,198.5452
443,2,260.0622,0.09636337,1.590531,3.230987,202.2026
443,2,260.2845,-0.169358,1.605492,3.251026,240.101
443,2,260.5067,-0.3891924,1.579422,3.222241,253.9428
443,2,260.7289,-0.606104,1.597535,3.168784,257.4542
443,2,260.9511,-0.8275363,1.588653,3.141441,259.0366
443,2,261.1733,-1.07016,1.582885,3.140349,257.2095
443,2,261.3956,-1.285397,1.600233,3.065877,242.3051
443,2,261.6178,-1.445137,1.580634,2.918004,220.025
443,2,261.84,-1.568812,1.582778,2.738066,190.381
443,2,262.0622,-1.693626,1.587771,2.572509,168.2986
443,2,262.2845,-1.817042,1.571323,2.40143,150.6101
443,2,262.5067,-1.888465,1.592905,2.206223,136.0748
443,2,262.7289,-1.911556,1.572644,2.004817,137.1558
443,2,262.9511,-1.865167,1.575999,1.804286,133.9615
443,2,263.1733,-1.809266,1.589005,1.627931,126.1017
443,2,263.3956,-1.759353,1.574354,1.45623,117.4235
443,2,263.6178,-1.673635,1.594049,1.296367,104.7346
443,2,263.84,-1.541701,1.587063,1.183125,101.232
443,2,264.0622,-1.356462,1.586631,1.144217,108.7658
443,2,264.2845,-1.156973,1.608672,1.115334,116.7054
443,2,264.5067,-0.9565506,1.594335,1.063922,123.1054
443,2,264.7289,-0.7412776,1.595662,0.9734042,128.7445
443,2,264.9511,-0.5531733,1.606347,0.8978019,138.9851
443,2,265.1733,-0.3832508,1.584811,0.8377065,148.5369
443,2,265.3956,-0.1998243,1.600449,0.8166397,120.2499
443,2,265.6178,-0.08633866,1.610649,0.7860463,99.87112
443,23,283.3067,0.9298691,1.65289,-3.208031,358.9522
443,23,283.5289,0.9260122,1.652347,-3.213671,357.3658
443,23,283.7511,0.9271878,1.654385,-3.220222,355.2167
443,23,283.9733,0.9433236,1.655261,-3.228458,355.9826
443,23,284.1956,0.9457089,1.655642,-3.240085,342.5405
443,23,284.4178,0.9517663,1.653436,-3.253647,327.4406
443,23,284.64,0.9776465,1.650108,-3.250823,328.43
443,23,284.8622,1.011725,1.641894,-3.239394,337.6217
443,23,285.0844,1.031017,1.639712,-3.223508,339.1017
443,23,285.3067,0.9900044,1.630173,-3.213745,311.343
443,23,285.5289,0.9009272,1.611335,-3.212427,288.5422
443,23,285.7511,0.7540349,1.595199,-3.207728,282.0461
443,23,285.9733,0.5636654,1.603058,-3.216385,281.2133
443,23,286.1956,0.3718709,1.608187,-3.198337,280.2902
443,23,286.4178,0.1543697,1.585227,-3.134343,281.0074
443,23,286.64,-0.09307718,1.607365,-3.052122,278.0073
443,23,286.8622,-0.3626991,1.604728,-3.033283,276.5795
443,23,287.0844,-0.6556499,1.596131,-3.072862,278.4821
443,23,287.3067,-0.9569587,1.627375,-3.096613,279.6642
443,23,287.5289,-1.258013,1.586163,-3.079401,285.231
443,23,287.7511,-1.563673,1.616142,-3.026478,293.8519
443,23,287.9733,-1.845085,1.616238,-2.977969,303.7014
443,23,288.1956,-2.112068,1.588243,-2.902908,316.7274
443,23,288.4178,-2.312371,1.606248,-2.786643,336.2109
443,23,288.64,-2.438058,1.571548,-2.609927,347.8856
443,23,288.8622,-2.511665,1.595661,-2.364341,356.1428
443,23,289.0844,-2.583072,1.595335,-2.104786,4.019824
443,23,289.3067,-2.665719,1.590834,-1.83092,8.852701
443,23,289.5289,-2.70027,1.610931,-1.542014,10.63489
443,23,289.7511,-2.683823,1.579088,-1.243504,11.25021
443,23,289.9733,-2.663582,1.625487,-0.9316531,9.986098
443,23,290.1956,-2.672128,1.593716,-0.6305861,6.462047
443,23,290.4178,-2.678434,1.596411,-0.3243475,10.99836
443,23,290.64,-2.646309,1.609063,-0.03241283,19.26335
443,23,290.8622,-2.572924,1.59138,0.2649557,24.55872
443,23,291.0844,-2.494331,1.612981,0.5282427,29.49072
443,23,291.3067,-2.422932,1.585187,0.7791066,29.79885
443,23,291.5289,-2.342846,1.596183,1.031742,24.93869
443,23,291.7511,-2.237494,1.593626,1.266067,11.6143
443,23,291.9733,-2.119789,1.584473,1.490229,349.8906
443,23,292.1956,-2.034282,1.595887,1.708464,339.187
443,23,292.4178,-2.016579,1.565782,1.932739,328.8419
443,23,292.64,-2.043671,1.589485,2.164299,319.3806
443,23,292.8622,-1.986548,1.604136,2.411556,1.188564
443,23,293.0844,-1.883259,1.577506,2.605316,41.92113
443,23,293.3067,-1.774176,1.583049,2.78378,59.89723
443,23,293.5289,-1.607359,1.577444,2.934926,79.06757
443,23,293.7511,-1.427454,1.571826,3.066146,90.72388
443,23,293.9733,-1.182113,1.576011,3.154533,97.72393
443,23,294.1956,-0.9105583,1.566166,3.184671,99.11465
443,23,294.4178,-0.6290447,1.601244,3.200002,97.27071
443,23,294.64,-0.3578507,1.578038,3.229466,98.03088
443,23,294.8622,-0.08448902,1.597225,3.261903,103.8012
443,23,295.0844,0.181042,1.601384,3.250992,106.0364
443,23,295.3067,0.4528282,1.596632,3.188738,109.0269
443,23,295.5289,0.6898572,1.618933,3.138179,112.7897
443,23,295.7511,0.9100283,1.590018,3.098336,118.5718
443,23,295.9733,1.129109,1.597039,3.067301,127.1401
443,23,296.1956,1.317834,1.608479,3.019748,132.7358
443,14,310.3289,-2.798956,1.650542,0.01799977,85.04907
443,14,310.5511,-2.802325,1.650259,0.01409237,83.75981
443,14,310.7733,-2.815437,1.649334,-0.008179255,83.99654
443,14,310.9956,-2.848826,1.646023,-0.05302643,86.02924
443,14,311.2178,-2.898296,1.6345,-0.107997,84.16291
443,14,311.44,-2.949945,1.614054,-0.1569766,78.78052
443,14,311.6622,-2.991144,1.604751,-0.1831096,71.53693
443,14,311.8845,-3.009621,1.603204,-0.1857687,69.70706
443,14,312.1067,-3.018745,1.5997,-0.17279,71.53292
443,14,312.3289,-3.034666,1.60632,-0.1537568,71.76373
443,14,312.5511,-3.046982,1.607441,-0.1287449,62.9774
443,14,312.7733,-3.038338,1.597692,-0.07385713,44.86517
443,14,312.9956,-3.009676,1.578365,0.03163601,37.48725
443,14,313.2178,-2.970643,1.581311,0.1915283,40.16735
443,14,313.44,-2.910174,1.59266,0.357559,41.14915
443,14,313.6622,-2.79059,1.580614,0.5171967,43.26252
443,14,313.8845,-2.603232,1.575732,0.672011,39.21421
443,14,314.1067,-2.435424,1.60165,0.8573228,23.63821
443,14,314.3289,-2.28471,1.573441,1.054629,20.67138
443,14,314.5511,-2.172243,1.587471,1.293849,10.59607
443,14,314.7733,-2.052699,1.592375,1.516606,1.628798
443,14,314.9956,-1.900803,1.564242,1.752676,14.85107
443,14,315.2178,-1.773894,1.593674,2.005461,27.22417
443,14,315.44,-1.693115,1.566588,2.255272,37.44667
443,14,315.6622,-1.610453,1.556597,2.504807,57.56393
443,14,315.8845,-1.481748,1.574814,2.690994,83.82816
443,14,316.1067,-1.30705,1.555033,2.831937,94.76038
443,14,316.3289,-1.076609,1.585367,2.954314,91.53051
443,14,316.5511,-0.8305652,1.579402,3.055182,92.53105
443,14,316.7733,-0.5653598,1.57642,3.154465,95.36879
443,14,316.9956,-0.2783209,1.59489,3.196763,97.55275
443,14,317.2178,0.006505064,1.568009,3.175831,98.40255
443,14,317.44,0.2877994,1.610246,3.15801,97.28376
443,14,317.6622,0.5774162,1.582652,3.167771,94.72382
443,14,317.8845,0.8941945,1.600105,3.185935,99.29924
443,14,318.1067,1.181741,1.607258,3.162509,104.3976
443,14,318.3289,1.472522,1.577089,3.095619,112.1789
443,14,318.5511,1.746955,1.606829,3.022508,123.2301
443,14,318.7733,2.01335,1.575795,2.959536,135.8119
443,14,318.9956,2.252174,1.581917,2.854775,152.0075
443,14,319.2178,2.407589,1.583961,2.698397,170.2616
443,14,319.44,2.512458,1.584583,2.47293,176.7437
443,14,319.6622,2.601508,1.614886,2.225308,182.1862
443,14,319.8845,2.698909,1.593346,1.977124,189.0625
443,14,320.1067,2.771864,1.607378,1.729666,202.7772
443,14,320.3289,2.795268,1.613765,1.481716,207.977
443,14,320.5511,2.74818,1.603478,1.275147,225.2961
443,14,320.7733,2.706883,1.617455,1.116524,247.8448
443,14,320.9956,2.668693,1.599522,0.97767,263.0438
443,14,321.2178,2.570386,1.5999,0.901428,270.3777
443,14,321.44,2.392443,1.589568,0.8971601,266.9688
443,14,321.6622,2.144376,1.625072,0.9524364,258.2472
443,14,321.8845,1.88578,1.626184,0.9751652,259.3517
443,14,322.1067,1.610135,1.602432,0.9550245,262.3125
443,14,322.3289,1.353352,1.628123,0.9320827,258.9271
443,14,322.5511,1.093599,1.596679,0.9244017,249.5812
443,14,322.7733,0.8251768,1.6134,0.9232392,240.1295
443,14,322.9956,0.5980695,1.607248,0.8749554,236.1869
443,14,323.2178,0.401791,1.591947,0.7631832,236.7473
443,14,323.44,0.2430343,1.616681,0.6505773,229.9301
443,1,340.0844,-2.463289,1.62026,2.999302,266.6255
443,1,340.3067,-2.469518,1.621816,3.00132,265.9733
443,1,340.5289,-2.468524,1.622361,3.010835,269.11
443,1,340.7511,-2.4624,1.620983,3.020439,271.8112
443,1,340.9733,-2.458761,1.618265,3.026094,271.08
443,1,341.1956,-2.454167,1.589623,3.033897,270.2952
443,1,341.4178,-2.460785,1.57786,3.038579,269.8604
443,1,341.64,-2.471141,1.575854,3.044549,269.1388
443,1,341.8622,-2.486937,1.580871,3.069937,281.0416
443,1,342.0844,-2.49325,1.582325,3.096525,317.9387
443,1,342.3067,-2.494101,1.578956,3.083825,352.0702
443,1,342.5289,-2.4889,1.57473,3.062365,20.93373
443,1,342.7511,-2.457232,1.567622,3.047064,44.58602
443,1,342.9733,-2.42206,1.561541,3.041784,70.70164
443,1,343.1956,-2.407337,1.56392,3.059397,92.85201
443,1,343.4178,-2.366701,1.56245,3.109264,105.8243
443,1,343.64,-2.259539,1.552246,3.146188,109.7498
443,1,343.8622,-2.063985,1.550433,3.134034,110.4217
443,1,344.0844,-1.841383,1.582237,3.125384,105.6296
443,1,344.3067,-1.622464,1.577797,3.151035,100.9046
443,1,344.5289,-1.392888,1.569271,3.214083,100.0055
443,1,344.7511,-1.146885,1.590997,3.240302,103.0796
443,1,344.9733,-0.9058003,1.560614,3.211315,106.8734
443,1,345.1956,-0.6548327,1.588097,3.134296,122.4308
443,1,345.4178,-0.3851739,1.591677,3.129578,109.0728
443,1,345.64,-0.1152753,1.569574,3.146854,104.4852
443,1,345.8622,0.1656819,1.601793,3.150166,101.4979
443,1,346.0844,0.4511072,1.572081,3.120458,102.2999
443,1,346.3067,0.7513387,1.609319,3.085559,99.58425
443,1,346.5289,1.037352,1.601771,3.088844,98.10278
443,1,346.7511,1.316729,1.584399,3.097415,101.752
443,1,346.9733,1.563605,1.602734,3.06868,108.6418
443,1,347.1956,1.802008,1.58318,2.996552,120.6807
443,1,347.4178,2.034031,1.611571,2.893438,138.8925
443,1,347.64,2.236099,1.607762,2.780088,151.1593
443,1,347.8622,2.41534,1.580724,2.630883,169.7452
443,1,348.0844,2.5451,1.600472,2.448937,182.5397
443,1,348.3067,2.616925,1.572905,2.23139,188.664
443,1,348.5289,2.632233,1.608124,1.978172,197.6033
443,1,348.7511,2.608017,1.61018,1.747901,214.2391
443,1,348.9733,2.559307,1.585014,1.5093,231.4762
443,1,349.1956,2.427146,1.59596,1.314073,244.9205
443,1,349.4178,2.210619,1.577867,1.195498,253.2611
443,1,349.64,1.964511,1.632226,1.105265,258.0592
443,1,349.8622,1.722158,1.615929,1.017629,258.8553
443,1,350.0844,1.457721,1.630186,0.9252883,260.2239
443,1,350.3067,1.193011,1.618233,0.890053,256.1001
443,1,350.5289,0.9154587,1.604341,0.9046297,247.4927
443,1,350.7511,0.6696205,1.61939,0.8672329,226.2728
443,1,350.9733,0.4472058,1.586236,0.7789701,216.8826
443,1,351.1956,0.2785094,1.602434,0.639469,198.1396
443,1,351.4178,0.1645699,1.609333,0.4883071,172.5546
443,1,351.64,0.04554944,1.602029,0.3061072,159.955
443,1,351.8622,-0.01699323,1.609457,0.08128558,155.5934
443,1,352.0844,-0.007767338,1.587491,-0.1352901,147.181
443,1,352.3067,0.04848388,1.603848,-0.3357281,135.6382
443,1,352.5289,0.120324,1.592966,-0.5254703,123.3588
443,1,352.7511,0.2263656,1.58736,-0.7099227,101.3594
443,1,352.9733,0.3858895,1.596824,-0.8331156,82.92558
443,1,353.1956,0.587485,1.587825,-0.903903,91.37496
443,1,353.4178,0.805385,1.621734,-0.9605052,116.3093
443,1,353.64,1.038853,1.60237,-1.020361,123.5539
443,1,353.8622,1.274861,1.608931,-1.131741,129.3676
443,1,354.0844,1.481946,1.624501,-1.246309,133.4059
443,1,354.3067,1.663993,1.584884,-1.355639,136.9205
443,13,373.6289,-3.055185,1.639673,0.0168413,89.39565
443,13,373.8511,-3.041435,1.640531,0.01947938,88.6263
443,13,374.0733,-3.034727,1.639416,0.01377783,92.17696
443,13,374.2956,-3.030099,1.633988,0.01232484,90.22021
443,13,374.5178,-3.022492,1.616936,0.01606286,83.22593
443,13,374.74,-2.99807,1.600092,0.03115229,68.16438
443,13,374.9622,-2.966904,1.581538,0.0910304,43.10091
443,13,375.1844,-2.941294,1.570162,0.2090886,41.1412
443,13,375.4067,-2.92019,1.586622,0.37075,43.87392
443,13,375.6289,-2.8401,1.594133,0.5290282,47.22288
443,13,375.8511,-2.681413,1.567909,0.6607386,58.64786
443,13,376.0733,-2.456437,1.589755,0.7655638,82.35751
443,13,376.2956,-2.263329,1.60202,0.8933438,83.13263
443,13,376.5178,-2.080025,1.566968,1.028171,85.01938
443,13,376.74,-1.917275,1.597586,1.152025,71.26385
443,13,376.9622,-1.817122,1.602591,1.249029,29.05522
443,13,377.1844,-1.699749,1.601431,1.272815,12.84279
443,13,377.4067,-1.621619,1.606018,1.293211,11.02542
443,13,377.6289,-1.541168,1.605283,1.276273,57.04342
443,13,377.8511,-1.486832,1.594062,1.200963,105.9017
443,13,378.0733,-1.376811,1.573097,1.144814,115.3487
443,13,378.2956,-1.201812,1.575341,1.074946,112.0917
443,13,378.5178,-1.019602,1.588852,1.023435,116.9285
443,13,378.74,-0.8227479,1.569885,0.9985396,123.8918
443,13,378.9622,-0.620369,1.574574,0.9856985,133.5947
443,13,379.1844,-0.4401407,1.599224,0.9617121,138.1178
443,13,379.4067,-0.2919634,1.605204,0.9402727,106.5794
443,13,379.6289,-0.1841532,1.610147,0.8691807,99.55273
443,13,379.8511,-0.07261537,1.609836,0.8487023,96.88293
443,13,380.0733,0.0289972,1.609225,0.8634472,99.66218
443,13,380.2956,0.08620057,1.623456,0.8092005,135.3057
443,13,380.5178,0.06737665,1.612071,0.7200578,170.3102
443,13,380.74,0.02910486,1.60516,0.5852084,173.9503
443,13,380.9622,-0.03536206,1.611531,0.451665,194.0801
443,13,381.1844,-0.06312947,1.612907,0.3891396,208.3773
443,13,381.4067,-0.02752404,1.608227,0.3679416,220.4574
443,13,381.6289,0.02476205,1.607262,0.3384449,222.8932
443,13,381.8511,0.08105439,1.606339,0.2536633,192.5367
443,13,382.0733,0.08778799,1.598291,0.1401222,170.7544
443,13,382.2956,0.02298206,1.591276,-0.02700578,157.9518
443,13,382.5178,-0.006604904,1.604976,-0.218485,131.6447
443,13,382.74,0.01573408,1.59357,-0.3941195,123.3938
443,13,382.9622,0.1135929,1.589681,-0.5523925,113.9868
443,13,383.1844,0.230186,1.609063,-0.6801932,94.49866
443,13,383.4067,0.3590609,1.597459,-0.8194114,87.68176
443,13,383.6289,0.5372702,1.610126,-0.9590274,102.7065
443,13,383.8511,0.7583616,1.605715,-0.9974003,110.5522
443,13,384.0733,0.9993491,1.607472,-0.9997823,118.1677
443,13,384.2956,1.21791,1.613853,-1.060756,126.5405
443,13,384.5178,1.403374,1.597156,-1.192014,129.465
443,13,384.74,1.560246,1.625371,-1.317243,130.8364
443,13,384.9622,1.698515,1.608679,-1.414996,132.8878
443,5,396.4178,-2.151207,1.641981,1.951729,86.18579
443,5,396.64,-2.151338,1.640085,1.944676,84.60042
443,5,396.8622,-2.153574,1.630544,1.94128,83.51585
443,5,397.0844,-2.145575,1.608704,1.941163,79.7496
443,5,397.3067,-2.119476,1.596244,1.945606,73.47804
443,5,397.5289,-2.08586,1.591231,1.988318,46.65197
443,5,397.7511,-2.051922,1.577772,2.063497,37.38273
443,5,397.9733,-2.016505,1.565652,2.18927,43.02562
443,5,398.1956,-1.952035,1.574097,2.311866,74.36513
443,5,398.4178,-1.937897,1.584168,2.37254,95.53442
443,5,398.64,-1.948039,1.588512,2.391387,113.1653
443,5,398.8622,-1.986028,1.591727,2.353066,143.7019
443,5,399.0844,-2.029677,1.58982,2.31203,166.4908
443,5,399.3067,-2.02859,1.596553,2.30402,158.3187
443,5,399.5289,-2.037117,1.601492,2.289369,152.7365
443,5,399.7511,-2.081006,1.601545,2.262435,176.2945
443,5,399.9733,-2.133285,1.599775,2.197341,183.3064
443,5,400.1956,-2.1784,1.590762,2.077523,179.0606
443,5,400.4178,-2.21254,1.586874,1.932229,178.471
443,5,400.64,-2.217479,1.587103,1.779797,182.7063
443,5,400.8622,-2.210386,1.568821,1.621505,185.0219
443,5,401.0844,-2.227246,1.590534,1.447886,188.5597
443,5,401.3067,-2.30215,1.583365,1.296538,184.0605
443,5,401.5289,-2.449551,1.587498,1.148655,175.7546
443,5,401.7511,-2.553061,1.616127,1.031575,165.3108
443,5,401.9733,-2.612246,1.605066,0.9466824,160.5434
443,5,402.1956,-2.637455,1.607497,0.8700776,158.8366
443,5,402.4178,-2.589454,1.610975,0.854796,143.6125
443,5,402.64,-2.478455,1.607932,0.9430233,90.83049
443,5,402.8622,-2.373462,1.599202,1.056578,59.82723
443,5,403.0844,-2.229395,1.59426,1.189284,48.13535
443,5,403.3067,-2.076875,1.586608,1.324486,31.34226
443,5,403.5289,-1.92784,1.57844,1.442048,21.19745
443,5,403.7511,-1.832558,1.585893,1.594349,14.71263
443,5,403.9734,-1.802861,1.561429,1.796525,15.08741
443,5,404.1956,-1.806871,1.582697,2.040888,26.63979
443,5,404.4178,-1.766553,1.5775,2.264126,41.91235
443,5,404.64,-1.659572,1.557011,2.489283,51.25138
443,5,404.8622,-1.532397,1.575441,2.671659,67.13208
443,5,405.0844,-1.387989,1.558214,2.812394,84.10902
443,5,405.3067,-1.213143,1.567358,2.956962,94.69107
443,5,405.5289,-0.9825422,1.574779,3.051603,96.80061
443,5,405.7511,-0.7056688,1.573167,3.073269,93.76498
443,5,405.9734,-0.4171906,1.605908,3.09385,94.47346
443,5,406.1956,-0.1290423,1.56961,3.136501,97.59919
443,5,406.4178,0.1662354,1.60065,3.177837,100.9195
443,5,406.64,0.4681442,1.590489,3.181126,100.3518
443,5,406.8622,0.7808676,1.595085,3.135961,100.9861
443,5,407.0844,1.081158,1.61664,3.112329,101.8874
443,5,407.3067,1.385173,1.57476,3.100505,107.3811
443,5,407.5289,1.686089,1.614257,3.055271,121.8183
443,5,407.7511,1.962363,1.575335,2.961729,135.3954
443,5,407.9734,2.212229,1.602947,2.820532,146.7429
443,5,408.1956,2.395803,1.602372,2.663453,160.8543
443,5,408.4178,2.552299,1.585186,2.47368,181.5913
443,5,408.64,2.652261,1.607555,2.258543,192.8707
443,5,408.8622,2.669461,1.576292,2.022762,198.2793
443,5,409.0844,2.622827,1.613202,1.774946,206.448
443,5,409.3067,2.560911,1.605216,1.559067,212.7094
443,5,409.5289,2.483891,1.592083,1.335969,222.3423
443,17,431.0178,1.772112,1.703257,-1.189243,353.8719
443,17,431.24,1.757136,1.705598,-1.182977,351.7455
443,17,431.4622,1.742263,1.707037,-1.189807,346.5901
443,17,431.6844,1.727463,1.709953,-1.206813,337.193
443,17,431.9067,1.767018,1.709395,-1.208139,9.110825
443,17,432.1289,1.757113,1.70202,-1.208165,6.476569
443,17,432.3511,1.738428,1.657707,-1.20365,359.3329
443,17,432.5733,1.726419,1.645594,-1.189991,351.9225
443,17,432.7956,1.679881,1.663979,-1.214554,305.0587
443,17,433.0178,1.700419,1.666671,-1.209089,288.6414
443,17,433.24,1.699423,1.66154,-1.16285,285.0416
443,17,433.4622,1.616553,1.650844,-1.124199,286.1797
443,17,433.6844,1.458443,1.643379,-1.109806,287.8803
443,17,433.9067,1.265574,1.658845,-1.107706,292.0338
443,17,434.1289,1.064254,1.653825,-1.077359,294.3076
443,17,434.3511,0.8446304,1.633158,-1.002714,301.1031
443,17,434.5733,0.6299814,1.657137,-0.9100434,312.5207
443,17,434.7956,0.4472263,1.651646,-0.8234555,325.3234
443,17,435.0178,0.2748619,1.62631,-0.7239146,343.0426
443,17,435.24,0.1332761,1.595149,-0.5499709,356.7433
443,17,435.4622,0.0827523,1.577775,-0.3364537,358.5591
443,17,435.6844,0.07393923,1.616354,-0.08507262,356.5022
443,17,435.9067,0.05242837,1.616734,0.168203,354.2613
443,17,436.1289,0.01249266,1.598878,0.4347098,351.1079
443,17,436.3511,0.003697574,1.625288,0.721943,354.3025
443,17,436.5733,0.02930882,1.587531,1.009474,357.5842
443,17,436.7956,0.04979926,1.612268,1.297356,353.5596
443,17,437.0178,0.04353607,1.601768,1.571696,349.8456
443,17,437.24,0.02051703,1.591909,1.840899,345.2012
443,17,437.4622,0.001113725,1.610435,2.100762,335.3315
443,17,437.6844,-0.02676003,1.590463,2.344328,314.6198
443,17,437.9067,-0.08244556,1.616569,2.55582,285.9733
443,17,438.1289,-0.1818991,1.599822,2.739611,278.5529
443,17,438.3511,-0.3633854,1.597427,2.870611,275.9281
443,17,438.5733,-0.5616755,1.610501,2.978651,270.4409
443,17,438.7956,-0.7763334,1.586202,3.095534,269.3134
443,17,439.0178,-1.023425,1.609437,3.186046,266.9993
443,17,439.24,-1.265914,1.593903,3.208638,263.6833
443,17,439.4622,-1.508344,1.583595,3.173979,264.3141
443,17,439.6844,-1.757038,1.608228,3.144736,264.975
443,17,439.9067,-2.018195,1.559021,3.130474,265.3617
443,17,440.1289,-2.259606,1.585396,3.115017,265.1693
443,17,440.3511,-2.449895,1.584872,3.084804,267.0794
443,6,455.6511,-2.168629,1.625978,2.118646,94.29425
443,6,455.8734,-2.165176,1.625114,2.12272,93.76579
443,6,456.0956,-2.165887,1.622581,2.109439,102.8892
443,6,456.3178,-2.161802,1.616198,2.104844,102.4242
443,6,456.54,-2.160284,1.601881,2.105593,97.05387
443,6,456.7622,-2.161693,1.589781,2.106253,90.02579
443,6,456.9845,-2.152925,1.590409,2.102457,84.44096
443,6,457.2067,-2.160168,1.598525,2.028378,128.2699
443,6,457.4289,-2.199601,1.589972,1.974123,170.722
443,6,457.6511,-2.203766,1.582836,1.954358,193.0097
443,6,457.8734,-2.165169,1.571517,1.952922,207.4702
443,6,458.0956,-2.107158,1.566527,1.878783,206.8852
443,6,458.3178,-2.116769,1.553495,1.71921,197.406
443,6,458.54,-2.220432,1.568138,1.507475,189.8546
443,6,458.7622,-2.336592,1.589161,1.283559,185.7088
443,6,458.9845,-2.439495,1.545492,1.029742,181.8026
443,6,459.2067,-2.524075,1.586776,0.7531425,177.7359
443,6,459.4289,-2.61875,1.569258,0.493918,179.063
443,6,459.6511,-2.732986,1.562516,0.2078644,180.716
443,6,459.8734,-2.782443,1.587,-0.09353863,184.4934
443,6,460.0956,-2.777551,1.561848,-0.3996392,179.8293
443,6,460.3178,-2.770082,1.600117,-0.6928332,177.6978
443,6,460.54,-2.780242,1.560384,-0.9999057,174.2433
443,6,460.7622,-2.792967,1.586009,-1.316355,162.1455
443,6,460.9845,-2.767063,1.575074,-1.625862,157.6618
443,6,461.2067,-2.698828,1.574203,-1.927159,155.7032
443,6,461.4289,-2.623373,1.589306,-2.18594,139.6896
443,6,461.6511,-2.531304,1.55508,-2.448494,119.9525
443,6,461.8734,-2.398306,1.574293,-2.657702,87.9134
443,6,462.0956,-2.214284,1.553138,-2.814051,77.99535
443,6,462.3178,-1.979043,1.577165,-2.930837,75.11938
443,6,462.54,-1.746277,1.57879,-3.058226,79.61003
443,6,462.7622,-1.489065,1.568414,-3.192739,82.51022
443,6,462.9845,-1.216815,1.596949,-3.266544,78.06157
443,6,463.2067,-0.943374,1.56217,-3.283191,74.82558
443,6,463.4289,-0.6559136,1.592481,-3.265454,76.53645
443,6,463.6511,-0.3840504,1.584496,-3.255128,68.22932
443,6,463.8734,-0.1044651,1.575741,-3.256507,63.25992
443,6,464.0956,0.1293275,1.610524,-3.220228,57.03533
443,16,474.8178,0.3616696,1.660439,-0.01041519,266.8762
443,16,475.04,0.3576087,1.658955,-0.009722587,269.5444
443,16,475.2622,0.3508869,1.652637,-0.003662178,275.9133
443,16,475.4845,0.3285822,1.633948,-0.01812962,269.4354
443,16,475.7067,0.2902277,1.613849,-0.03840018,252.8893
443,16,475.9289,0.2456211,1.612866,-0.06547107,220.2842
443,16,476.1511,0.2016246,1.606428,-0.08926718,195.9857
443,16,476.3734,0.152512,1.603528,-0.09998278,197.2151
443,16,476.5956,0.09646803,1.609812,-0.07869537,258.9824
443,16,476.8178,0.1420338,1.616231,-0.08285643,322.5126
443,16,477.04,0.1908339,1.615937,-0.1420224,1.254355
443,16,477.2622,0.1907104,1.604889,-0.1516074,6.990143
443,16,477.4845,0.1584168,1.595834,-0.05814883,359.6614
443,16,477.7067,0.1429037,1.576391,0.1338511,357.356
443,16,477.9289,0.1397813,1.606387,0.3806793,357.0471
443,16,478.1511,0.1019712,1.624545,0.6209983,359.7666
443,16,478.3734,0.03136198,1.600055,0.8728549,3.666667
443,16,478.5956,-0.01195502,1.621971,1.148852,5.707972
443,16,478.8178,-0.00767418,1.583764,1.435534,8.723467
443,16,479.04,0.003380205,1.609259,1.727577,7.824032
443,16,479.2622,-0.0119538,1.601629,1.990093,11.6109
443,16,479.4845,-0.02101835,1.583736,2.234426,36.30432
443,16,479.7067,0.007888675,1.604833,2.435861,63.00977
443,16,479.9289,0.05427465,1.587166,2.623199,74.23559
443,16,480.1511,0.0944905,1.609867,2.783117,83.69576
443,16,480.3734,0.09832276,1.614313,2.907401,85.56973
443,16,480.5956,0.01347613,1.629118,3.051575,34.00217
443,16,480.8178,-0.2025514,1.625596,3.081026,298.0691
443,16,481.04,-0.3444635,1.606889,3.115623,269.5961
443,16,481.2622,-0.4967475,1.599525,3.163648,249.8885
443,16,481.4845,-0.6696794,1.594947,3.212207,227.2691
443,16,481.7067,-0.9066077,1.591527,3.232735,234.6854
443,16,481.9289,-1.170522,1.576873,3.18299,247.7805
443,16,482.1511,-1.378706,1.612572,3.07885,230.429
443,16,482.3734,-1.549329,1.582303,2.982983,206.3992
443,16,482.5956,-1.709048,1.591077,2.847226,190.8525
443,16,482.8178,-1.820746,1.56836,2.659754,186.0995
443,16,483.04,-1.881613,1.579082,2.414487,193.3611
443,16,483.2622,-1.946686,1.602845,2.159552,196.0607
443,16,483.4845,-2.025948,1.568821,1.903351,192.4452
443,16,483.7067,-2.108765,1.597627,1.65074,189.9622
443,16,483.9289,-2.19413,1.579552,1.423417,191.53
443,16,484.1511,-2.271978,1.568366,1.200465,191.3699
443,16,484.3734,-2.362597,1.579435,1.005816,184.4071
443,16,484.5956,-2.482727,1.555821,0.8271273,176.6147
443,16,484.8178,-2.609208,1.583068,0.6419833,172.9555
443,16,485.04,-2.696696,1.574607,0.4304066,174.927
443,16,485.2622,-2.726897,1.563937,0.1809114,182.2047
443,16,485.4845,-2.736778,1.591598,-0.07072246,186.2794
443,16,485.7067,-2.761673,1.563607,-0.3285717,190.9611
443,16,485.9289,-2.811315,1.580477,-0.6018655,192.3446
443,16,486.1511,-2.823043,1.585521,-0.850154,198.1071
443,16,486.3734,-2.812177,1.547948,-1.090048,205.2531
443,16,486.5956,-2.809327,1.579393,-1.31623,215.5263
443,18,498.9289,1.771893,1.673691,-1.193711,354.5241
443,18,499.1511,1.766218,1.674973,-1.194689,352.669
443,18,499.3734,1.772414,1.675585,-1.192478,352.4452
443,18,499.5956,1.78437,1.667534,-1.187221,351.1112
443,18,499.8178,1.800087,1.638668,-1.175043,350.5439
443,18,500.04,1.824425,1.6227,-1.159234,353.9057
443,18,500.2622,1.835323,1.629702,-1.149554,349.908
443,18,500.4845,1.779082,1.634235,-1.167661,297.1821
443,18,500.7067,1.765028,1.631075,-1.186961,262.3474
443,18,500.9289,1.741326,1.626611,-1.16147,261.9258
443,18,501.1511,1.669645,1.619423,-1.112692,281.9637
443,18,501.3734,1.535173,1.602992,-1.108491,288.601
443,18,501.5956,1.396656,1.620341,-1.103034,300.1335
443,18,501.8178,1.425764,1.638665,-1.057375,359.9155
443,18,502.04,1.529591,1.633431,-1.086077,56.90624
443,18,502.2622,1.65192,1.633813,-1.088237,72.4491
443,18,502.4845,1.809122,1.631994,-1.054986,55.98145
443,18,502.7067,1.968935,1.624848,-0.9641787,30.11183
443,18,502.9289,2.151785,1.601304,-0.8236607,32.20846
443,18,503.1511,2.320978,1.637742,-0.6584738,22.54769
443,18,503.3734,2.477942,1.623185,-0.4950449,5.855797
443,18,503.5956,2.637058,1.633342,-0.3017835,347.3849
443,18,503.8178,2.732348,1.633028,-0.07866801,340.7708
443,18,504.04,2.75229,1.615477,0.1704173,349.9896
443,18,504.2622,2.749714,1.656186,0.4359362,356.5528
443,18,504.4845,2.7802,1.626019,0.7140212,357.0125
443,18,504.7067,2.832498,1.658131,1.011684,354.6277
443,18,504.9289,2.828042,1.659644,1.293207,350.5747
443,18,505.1511,2.780324,1.641183,1.583494,346.0573
443,18,505.3734,2.745847,1.661038,1.860443,338.3973
443,18,505.5956,2.713028,1.627129,2.139669,325.1244
443,18,505.8178,2.632645,1.650732,2.393965,299.1881
443,18,506.04,2.500268,1.617285,2.613585,288.0736
443,18,506.2622,2.285548,1.632148,2.785195,279.6197
443,18,506.4845,2.07739,1.638281,2.91143,256.859
443,18,506.7067,1.858469,1.612033,3.029919,231.6845
443,18,506.9289,1.583598,1.636656,3.131259,231.629
443,18,507.1511,1.285704,1.603205,3.194184,252.0493
443,18,507.3734,1.003215,1.634752,3.196153,260.9051
443,18,507.5956,0.7253032,1.618309,3.199949,262.9697
443,18,507.8178,0.4158524,1.611158,3.222101,261.1652
443,18,508.04,0.1078429,1.6289,3.207861,258.9167
443,18,508.2622,-0.1990343,1.591275,3.154487,257.8148
443,18,508.4845,-0.4867123,1.621775,3.098556,253.2638
443,18,508.7067,-0.7770797,1.583469,3.060763,253.503
443,18,508.9289,-1.068848,1.60205,3.008953,248.4743
443,18,509.1511,-1.298372,1.588584,2.878211,222.185
443,18,509.3734,-1.467482,1.571778,2.699159,195.907
443,18,509.5956,-1.597522,1.580373,2.524029,169.9995
443,18,509.8178,-1.743078,1.560429,2.33882,159.4603
443,18,510.04,-1.864744,1.583928,2.140468,163.979
443,18,510.2622,-1.95906,1.562313,1.921116,191.9314
443,18,510.4845,-2.0034,1.566841,1.674571,205.8552
443,18,510.7067,-2.087875,1.576709,1.431441,201.3324
443,18,510.9289,-2.238276,1.561364,1.222908,193.0973
443,18,511.1511,-2.361901,1.581483,1.00785,174.8998
443,18,511.3734,-2.456813,1.548558,0.7855191,170.8303
443,18,511.5956,-2.50763,1.568444,0.5708366,161.3693
443,8,520.8511,-2.470189,1.631967,-2.106846,276.9873
443,8,521.0734,-2.464661,1.630877,-2.118815,274.8418
443,8,521.2956,-2.454001,1.626424,-2.113499,284.0912
443,8,521.5178,-2.456252,1.615474,-2.119181,281.9417
443,8,521.74,-2.471704,1.596966,-2.112085,283.8701
443,8,521.9622,-2.475855,1.585647,-2.056135,332.0551
443,8,522.1844,-2.516246,1.58077,-1.976279,357.0529
443,8,522.4067,-2.568256,1.553104,-1.804951,5.169003
443,8,522.6289,-2.59996,1.568851,-1.565051,10.17292
443,8,522.8511,-2.649406,1.580949,-1.329751,11.63043
443,8,523.0734,-2.729321,1.542649,-1.068555,11.91683
443,8,523.2956,-2.787173,1.580885,-0.7666197,15.7741
443,8,523.5178,-2.773919,1.541502,-0.452625,19.49067
443,8,523.74,-2.718619,1.575585,-0.1264142,25.1564
443,8,523.9622,-2.677371,1.563629,0.1772959,31.82783
443,8,524.1844,-2.614512,1.558197,0.4805868,40.4915
443,8,524.4067,-2.504342,1.569988,0.7562853,37.2268
443,8,524.6289,-2.340787,1.564047,1.018745,22.60855
443,8,524.8511,-2.189867,1.596168,1.28027,8.192787
443,8,525.0734,-2.077681,1.550111,1.55737,2.115314
443,8,525.2956,-2.012805,1.587708,1.825573,343.4118
443,8,525.5178,-1.956323,1.581949,2.068364,321.4812
443,8,525.74,-1.802024,1.582908,2.351874,10.29581
443,8,525.9622,-1.686308,1.587075,2.560782,57.35666
443,8,526.1844,-1.590267,1.546725,2.780657,73.77147
443,8,526.4067,-1.431508,1.57102,2.963038,88.18912
443,8,526.6289,-1.205838,1.545765,3.07323,93.34795
443,8,526.8511,-0.9130032,1.596815,3.113569,94.73969
443,8,527.0734,-0.6258721,1.602087,3.162512,97.08498
443,8,527.2956,-0.3239197,1.591707,3.232406,99.59671
443,8,527.5178,-0.01571817,1.615709,3.252509,97.99918
443,8,527.74,0.305096,1.593261,3.210318,97.79927
443,8,527.9622,0.6247566,1.636412,3.173796,97.75234
443,8,528.1844,0.9421242,1.604289,3.163622,97.84235
443,8,528.4067,1.254883,1.628771,3.144903,107.1066
443,8,528.6289,1.55244,1.623087,3.09253,116.9931
443,8,528.8511,1.840621,1.622809,3.000042,126.0829
443,8,529.0734,2.105681,1.651747,2.893667,135.7165
443,8,529.2956,2.343104,1.60676,2.731201,152.4245
443,8,529.5178,2.509641,1.637599,2.52944,172.8671
443,8,529.74,2.601717,1.61447,2.296752,184.0843
443,8,529.9622,2.63774,1.64186,2.036821,194.3551
443,8,530.1844,2.652123,1.639651,1.802626,206.3018
443,8,530.4067,2.640261,1.617993,1.564169,224.6011
443,8,530.6289,2.560236,1.643816,1.355138,240.2621
443,8,530.8511,2.39959,1.620788,1.204101,244.5288
443,8,531.0734,2.154152,1.641548,1.105109,248.823
443,8,531.2956,1.908071,1.640134,1.019596,254.5738
443,8,531.5178,1.642175,1.622528,0.9257175,261.5266
443,8,531.74,1.361403,1.639544,0.8878405,259.0222
443,8,531.9622,1.076,1.60629,0.9074788,250.074
443,8,532.1844,0.7987708,1.632566,0.8992701,236.7708
443,8,532.4067,0.5685682,1.598675,0.835176,224.8826
443,8,532.6289,0.3684433,1.605255,0.7116435,213.2915
443,8,532.8511,0.230793,1.607972,0.5808642,186.4561
443,8,533.0734,0.08515677,1.593777,0.4208827,165.9148
443,8,533.2956,-0.00973156,1.596889,0.1953609,159.6893
443,8,533.5178,-0.02050441,1.563735,-0.04347371,152.8366
443,8,533.74,0.02155933,1.596731,-0.2565114,143.7424
443,8,533.9622,0.07092372,1.592553,-0.4313315,124.6368
443,8,534.1844,0.1258646,1.583791,-0.6250821,106.5042
443,8,534.4067,0.2527636,1.597596,-0.7642086,88.22903
443,8,534.6289,0.4267054,1.580637,-0.8327081,80.44818
443,8,534.8511,0.6322219,1.613227,-0.8593611,82.55164
443,8,535.0734,0.8362615,1.617209,-0.8904563,74.89211
443,11,541.7511,2.456304,1.69045,1.06274,95.20793
443,11,541.9733,2.465299,1.68888,1.066844,93.56016
443,11,542.1956,2.473863,1.688798,1.068164,93.20807
443,11,542.4178,2.48045,1.687688,1.068577,93.25437
443,11,542.64,2.48701,1.676455,1.062791,95.00368
443,11,542.8622,2.491289,1.663999,1.039832,107.0437
443,11,543.0845,2.472035,1.658327,0.9900893,147.6403
443,11,543.3067,2.459182,1.645167,0.9674454,185.8198
443,11,543.5289,2.48825,1.635293,0.8714237,192.3101
443,11,543.7511,2.484036,1.614936,0.690102,201.4593
443,11,543.9733,2.487442,1.637514,0.5006768,205.2208
443,11,544.1956,2.523346,1.630497,0.2998226,203.1304
443,11,544.4178,2.580332,1.614506,0.07471365,203.9481
443,11,544.64,2.590837,1.640406,-0.171182,212.0809
443,11,544.8622,2.540906,1.621261,-0.3979328,213.6031
443,11,545.0845,2.450031,1.63446,-0.627802,191.6011
443,11,545.3067,2.346133,1.624897,-0.8286689,186.5648
443,11,545.5289,2.239801,1.597412,-1.031824,187.7987
443,11,545.7511,2.058819,1.628729,-1.160033,224.553
443,11,545.9733,1.865783,1.62102,-1.156449,274.8597
443,11,546.1956,1.600893,1.615907,-1.127454,273.0452
443,11,546.4178,1.320773,1.642123,-1.094923,276.9623
443,11,546.64,1.036366,1.598686,-1.085488,286.0773
443,11,546.8622,0.7433675,1.623594,-1.094393,288.1313
443,11,547.0845,0.4376077,1.600859,-1.075942,275.333
443,11,547.3067,0.1255389,1.597365,-1.028556,265.5952
443,11,547.5289,-0.1786444,1.609917,-1.017271,264.5221
443,11,547.7511,-0.4856863,1.578823,-1.031358,271.4247
443,11,547.9733,-0.7867624,1.614006,-1.035985,275.0273
443,11,548.1956,-1.094658,1.575497,-1.004159,279.3767
443,11,548.4178,-1.400835,1.599347,-0.9840124,271.6214
443,11,548.64,-1.671056,1.585375,-1.016068,243.3942
443,11,548.8622,-1.951095,1.565476,-1.002728,266.2697
443,11,549.0845,-2.180282,1.582838,-0.9145041,322.6955
443,11,549.3067,-2.356444,1.553162,-0.8126676,351.9985
443,11,549.5289,-2.513358,1.566394,-0.6784401,7.190109
443,11,549.7511,-2.61607,1.589974,-0.5527008,27.57629
443,9,558.9622,1.7938,1.687746,1.257047,182.0357
443,9,559.1844,1.79632,1.684372,1.260454,182.0777
443,9,559.4067,1.787677,1.678678,1.271275,189.5016
443,9,559.6289,1.794725,1.6424,1.273138,183.8117
443,9,559.8511,1.790843,1.61707,1.268341,181.5549
443,9,560.0734,1.778706,1.619971,1.248387,185.3929
443,9,560.2956,1.71491,1.631455,1.235351,234.1519
443,9,560.5178,1.664855,1.621356,1.229615,268.2692
443,9,560.74,1.533756,1.609685,1.205601,272.4524
443,9,560.9622,1.315284,1.623545,1.188026,240.8064
443,9,561.1844,1.098009,1.631836,1.180062,238.1507
443,9,561.4067,0.8594028,1.59879,1.161608,263.4696
443,9,561.6289,0.6201526,1.615389,1.133158,289.7894
443,9,561.8511,0.4040544,1.628863,1.138015,295.842
443,9,562.0734,0.1816426,1.611823,1.169875,273.2098
443,9,562.2956,-0.08500318,1.609446,1.185448,269.3088
443,9,562.5178,-0.3693576,1.574106,1.152759,274.4578
443,9,562.74,-0.6606881,1.623541,1.112429,281.3625
443,9,562.9622,-0.9339668,1.595741,1.125591,289.6877
443,9,563.1844,-1.19694,1.595586,1.195221,300.3852
443,9,563.4067,-1.410892,1.594802,1.301516,314.5311
443,9,563.6289,-1.5955,1.573079,1.438533,324.8368
443,9,563.8511,-1.733361,1.58608,1.639399,321.7626
443,9,564.0734,-1.812725,1.562798,1.904101,317.2103
443,9,564.2956,-1.918088,1.593577,2.153658,309.639
443,9,564.5178,-2.071373,1.550839,2.355015,303.3185
443,9,564.74,-2.261395,1.560944,2.522192,300.2291
443,9,564.9622,-2.425688,1.582906,2.664739,291.7436
443,7,578.0734,-2.39573,1.628479,-2.066484,273.3316
443,7,578.2956,-2.397059,1.627393,-2.069856,274.3564
443,7,578.5178,-2.400161,1.626018,-2.075041,276.8236
443,7,578.74,-2.404666,1.625877,-2.083066,276.7867
443,7,578.9622,-2.406532,1.620043,-2.087705,277.4496
443,7,579.1844,-2.416321,1.59631,-2.081816,285.1821
443,7,579.4067,-2.413822,1.578964,-2.017445,337.6078
443,7,579.6289,-2.466948,1.570166,-1.931031,353.6016
443,7,579.8511,-2.520202,1.543267,-1.737712,1.243736
443,7,580.0734,-2.54319,1.570605,-1.471722,6.262381
443,7,580.2956,-2.577244,1.591646,-1.220748,7.695377
443,7,580.5178,-2.6368,1.548608,-0.9474288,9.111805
443,7,580.74,-2.68675,1.589139,-0.6286526,13.32644
443,7,580.9622,-2.672375,1.546542,-0.3377571,18.55852
443,7,581.1844,-2.612631,1.574617,-0.01791283,24.91307
443,7,581.4067,-2.566486,1.565975,0.2584424,32.42165
443,7,581.6289,-2.506458,1.534655,0.5251584,49.0183
443,7,581.8511,-2.35306,1.568521,0.7461588,59.93307
443,7,582.0734,-2.09528,1.54846,0.8444188,69.70996
443,7,582.2956,-1.794236,1.607266,0.9021261,69.57471
443,7,582.5178,-1.500459,1.581711,0.963984,69.83151
443,7,582.74,-1.194677,1.611075,1.041475,66.07258
443,7,582.9622,-0.9127532,1.604308,1.075856,58.86271
443,7,583.1844,-0.6349082,1.58045,1.100966,45.02599
443,7,583.4067,-0.3889675,1.612497,1.191991,23.11456
443,7,583.6289,-0.2367505,1.586862,1.34288,15.42958
443,7,583.8511,-0.1342287,1.596204,1.559685,14.50937
443,7,584.0734,-0.03584214,1.590051,1.797498,19.37791
443,7,584.2956,0.06841551,1.590988,2.063209,25.68223
443,7,584.5178,0.1337318,1.599405,2.312694,35.1888
443,7,584.74,0.2061536,1.565705,2.547786,51.75826
443,7,584.9622,0.3357855,1.598728,2.732306,77.14194
443,7,585.1844,0.5249806,1.579448,2.849872,91.3828
443,7,585.4067,0.7816582,1.619224,2.931806,92.12573
443,7,585.6289,1.035604,1.625223,3.00513,94.57458
443,7,585.8511,1.312724,1.599855,3.065239,103.8547
443,7,586.0734,1.614004,1.632288,3.053166,118.0751
443,7,586.2956,1.8852,1.610301,2.954236,130.5649
443,7,586.5178,2.122931,1.633928,2.838765,141.768
443,7,586.74,2.337729,1.606579,2.725796,150.049
443,7,586.9622,2.508289,1.628695,2.566454,159.5468
443,7,587.1844,2.600427,1.607635,2.358794,162.5302
443,7,587.4067,2.639193,1.62899,2.086601,155.9372
443,7,587.6289,2.688688,1.650473,1.873013,153.518
443,12,599.7511,2.491344,1.696087,1.180418,101.7409
443,12,599.9733,2.500355,1.693933,1.180208,103.2983
443,12,600.1956,2.504633,1.686254,1.160506,117.3605
443,12,600.4178,2.523856,1.681853,1.168902,108.6123
443,12,600.64,2.537778,1.68612,1.195112,86.19173
443,12,600.8622,2.543768,1.687911,1.184352,86.37378
443,12,601.0845,2.555373,1.692987,1.151376,101.5968
443,12,601.3067,2.550995,1.699095,1.115983,124.8589
443,12,601.5289,2.535855,1.686849,1.082167,152.3708
443,12,601.7511,2.526077,1.646314,1.044754,184.3071
443,12,601.9733,2.562079,1.622722,0.920318,189.6128
443,12,602.1956,2.564181,1.599657,0.6918006,191.6019
443,12,602.4178,2.552453,1.636316,0.431401,194.5612
443,12,602.64,2.563662,1.627743,0.1622277,197.5197
443,12,602.8622,2.582291,1.627887,-0.1135192,201.4731
443,12,603.0845,2.553313,1.647407,-0.3636535,200.9229
443,12,603.3067,2.442356,1.615294,-0.6033663,209.7286
443,12,603.5289,2.282708,1.633111,-0.801186,236.3891
443,12,603.7511,2.126438,1.619352,-0.9500551,255.6535
443,12,603.9733,1.93385,1.628559,-1.071417,266.7239
443,12,604.1956,1.692264,1.59778,-1.099647,276.3415
443,12,604.4178,1.388358,1.62092,-1.057873,284.7087
443,12,604.64,1.111743,1.631221,-1.056055,276.0208
443,12,604.8622,0.8380828,1.598912,-1.075405,262.3602
443,12,605.0845,0.5454812,1.629792,-1.06945,256.7711
443,12,605.3067,0.2571705,1.593828,-1.037433,249.774
443,12,605.5289,-0.04110875,1.616186,-1.031732,232.6161
443,12,605.7511,-0.2788229,1.600121,-1.087735,219.0085
443,12,605.9733,-0.4674726,1.592557,-1.207307,213.1805
443,12,606.1956,-0.618682,1.616421,-1.334622,202.2601
443,12,606.4178,-0.7638525,1.587253,-1.495014,195.6696
443,12,606.64,-0.8666885,1.595549,-1.697544,191.3121
443,12,606.8622,-0.8987916,1.571142,-1.929386,195.8565
443,12,607.0845,-0.8900552,1.580959,-2.196854,216.9555
443,12,607.3067,-0.9323357,1.586619,-2.430075,244.0924
443,12,607.5289,-1.044981,1.549732,-2.616374,259.2437
443,12,607.7511,-1.19003,1.571893,-2.770327,276.7733
443,12,607.9733,-1.358571,1.564732,-2.922769,285.2676
443,12,608.1956,-1.562894,1.56287,-3.049479,293.8924
443,12,608.4178,-1.787637,1.56585,-3.082238,302.6544
443,12,608.64,-2.007886,1.550812,-2.999359,313.5293
443,12,608.8622,-2.197132,1.581634,-2.878912,328.1002
443,12,609.0845,-2.368606,1.571374,-2.755298,338.5326
443,12,609.3067,-2.526797,1.569462,-2.606172,355.3525
443,12,609.5289,-2.635305,1.564779,-2.410905,3.909464
443,12,609.7511,-2.677446,1.551316,-2.147435,8.205855
443,12,609.9733,-2.696569,1.593714,-1.86395,11.59512
443,12,610.1956,-2.707821,1.562078,-1.585852,34.83541
443,12,610.4178,-2.695738,1.551307,-1.367192,58.95663
443,12,610.64,-2.642226,1.570731,-1.217908,68.1201
443,12,610.8622,-2.49052,1.572569,-1.134104,70.51068
443,12,611.0845,-2.206499,1.58261,-1.125994,76.6982
443,12,611.3067,-1.928714,1.613508,-1.117952,82.07685
443,12,611.5289,-1.637528,1.580858,-1.062927,80.66788
443,12,611.7511,-1.367619,1.604172,-0.9988552,76.06689
443,12,611.9733,-1.101974,1.587496,-0.9759892,71.28627
443,12,612.1956,-0.8093001,1.594694,-0.9800258,58.81912
443,12,612.4178,-0.5559396,1.615989,-0.9418799,34.2159
443,12,612.64,-0.2701148,1.583363,-0.9237056,44.21406
443,12,612.8622,0.02029615,1.625775,-0.9388138,75.36594
443,12,613.0845,0.2957161,1.602966,-0.9454879,79.09074
443,12,613.3067,0.5990676,1.614809,-0.9943669,88.15681
443,12,613.5289,0.8838257,1.631279,-1.020248,104.2639
443,12,613.7511,1.161798,1.605762,-1.010658,113.7212
443,12,613.9733,1.383269,1.631026,-1.050918,154.4235
443,12,614.1956,1.580072,1.601379,-1.103671,181.6066
443,12,614.4178,1.810814,1.627354,-1.146767,161.195
443,12,614.64,2.046352,1.642791,-1.03184,70.9212
443,12,614.8622,2.187739,1.614922,-0.9440701,29.78136
443,12,615.0845,2.344403,1.625522,-0.8492956,12.79587
443,12,615.3067,2.490554,1.63215,-0.7444962,5.041642
443,12,615.5289,2.62177,1.623533,-0.612062,349.9882
443,12,615.7511,2.722874,1.640569,-0.4442858,345.3653
443,12,615.9733,2.745672,1.625234,-0.2527689,344.7744
443,12,616.1956,2.68545,1.637204,-0.05664866,340.3409
443,12,616.4178,2.635795,1.642795,0.1364861,326.3218
443,12,616.64,2.6013,1.621859,0.3484556,310.4626
443,12,616.8622,2.533521,1.648946,0.5449755,291.4323
443,12,617.0845,2.417405,1.635597,0.6692274,274.9676
443,12,617.3067,2.245595,1.607227,0.7259165,264.4115
443,12,617.5289,2.063239,1.628768,0.7603859,261.9046
443,12,617.7511,1.85001,1.627826,0.8082114,270.188
443,12,617.9733,1.616469,1.617008,0.8650078,275.4767
443,12,618.1956,1.385881,1.637688,0.9077298,279.1048
443,12,618.4178,1.162131,1.617776,0.9065404,281.6739
443,12,618.64,0.9211373,1.61428,0.8661085,269.8863
443,12,618.8622,0.7033345,1.629364,0.8243933,245.5122
443,12,619.0845,0.4847223,1.609981,0.8355718,246.7802
443,12,619.3067,0.2416848,1.616678,0.8991729,265.5787
443,12,619.5289,0.008144982,1.63233,0.9374175,283.394
443,12,619.7511,-0.2351623,1.596743,0.9302543,284.8992
443,12,619.9733,-0.4856189,1.605575,0.911456,290.6616
443,12,620.1956,-0.7215869,1.601445,0.9155713,295.0494
443,12,620.4178,-0.9660084,1.567644,0.9684654,309.0161
443,12,620.64,-1.188065,1.581265,1.027609,318.2006
443,12,620.8622,-1.380203,1.569915,1.078565,336.736
443,12,621.0845,-1.57543,1.559552,1.10723,352.9846
443,12,621.3067,-1.750999,1.581485,1.143717,4.76173
443,12,621.5289,-1.889789,1.579856,1.18872,8.416451
443,12,621.7511,-1.976867,1.578891,1.241728,19.35047
443,12,621.9733,-2.019877,1.58752,1.281806,40.84335
443,12,622.1956,-2.05513,1.590443,1.375925,53.12185
443,19,648.4844,1.629009,1.665884,-1.896875,97.44531
443,19,648.7067,1.635591,1.667848,-1.89757,100.2487
443,19,648.9289,1.638546,1.661733,-1.895131,98.11974
443,19,649.1511,1.637185,1.646935,-1.872814,80.52255
443,19,649.3734,1.647138,1.644191,-1.877725,80.89552
443,19,649.5956,1.661955,1.634224,-1.91169,99.86362
443,19,649.8178,1.659842,1.633227,-1.975103,144.9329
443,19,650.04,1.647746,1.621445,-1.99616,184.1873
443,19,650.2623,1.653433,1.613827,-2.056758,203.119
443,19,650.4844,1.625592,1.596743,-2.195703,207.396
443,19,650.7067,1.584345,1.599877,-2.35725,215.3463
443,19,650.9289,1.545393,1.588141,-2.536277,227.1104
443,19,651.1511,1.49613,1.571745,-2.718688,250.7896
443,19,651.3734,1.368452,1.588308,-2.866228,269.1148
443,19,651.5956,1.172431,1.570347,-2.914547,287.7761
443,19,651.8178,0.9200051,1.608429,-2.942569,295.0317
443,19,652.04,0.6524342,1.598017,-3.008986,284.2385
443,19,652.2623,0.3902382,1.583529,-3.063459,287.7655
443,19,652.4844,0.1039796,1.600042,-3.05237,295.8092
443,19,652.7067,-0.1618302,1.571304,-2.943906,305.7122
443,19,652.9289,-0.3861032,1.601955,-2.811147,319.2841
443,19,653.1511,-0.5667551,1.576136,-2.668299,330.4048
443,19,653.3734,-0.705829,1.580817,-2.492177,353.1296
443,19,653.5956,-0.7683799,1.573393,-2.290287,3.144719
443,19,653.8178,-0.7428269,1.577297,-2.029864,8.824096
443,19,654.04,-0.7072477,1.606185,-1.778328,15.50318
443,19,654.2623,-0.6695271,1.576039,-1.54061,22.22675
443,19,654.4844,-0.5814866,1.585318,-1.318074,49.05116
443,19,654.7067,-0.4460481,1.587679,-1.130463,62.8996
443,19,654.9289,-0.2532277,1.599866,-0.9641421,60.47141
443,19,655.1511,-0.1158378,1.625526,-0.765205,44.51465
443,19,655.3734,-0.007922687,1.583395,-0.6282783,70.77971
443,19,655.5956,0.09244831,1.61483,-0.5933094,98.58118
443,19,655.8178,0.2101354,1.60609,-0.6380801,107.5178
443,19,656.04,0.3750555,1.620503,-0.7542794,102.0628
443,19,656.2623,0.5708488,1.625855,-0.8400805,100.5956
443,19,656.4844,0.8020695,1.595321,-0.8506704,91.94039
443,19,656.7067,1.062986,1.630409,-0.8302575,79.19773
443,19,656.9289,1.314839,1.62565,-0.8499876,71.46266
443,19,657.1511,1.581762,1.606421,-0.8883457,59.04534
443,19,657.3734,1.844156,1.627596,-0.8696162,43.89452
443,19,657.5956,2.066432,1.601613,-0.8033416,35.33122
443,19,657.8178,2.238603,1.62435,-0.697122,23.16079
443,19,658.04,2.375087,1.62517,-0.5889248,357.5067
443,19,658.2623,2.528548,1.622574,-0.4641661,340.8394
443,19,658.4844,2.64826,1.632436,-0.2785792,341.7924
443,19,658.7067,2.685187,1.608576,-0.07026874,344.1029
443,19,658.9289,2.666913,1.641176,0.146639,339.5094
443,19,659.1511,2.637002,1.642733,0.3398062,306.259
443,19,659.3734,2.652731,1.628687,0.5598339,288.9721
443,19,659.5956,2.646846,1.646835,0.7692288,271.0045
443,19,659.8178,2.605768,1.62318,0.9402293,260.9181
443,19,660.04,2.568907,1.63941,1.155352,299.9913
443,19,660.2623,2.603041,1.644065,1.369267,340.8764
443,19,660.4844,2.630208,1.625667,1.590485,343.4093
443,19,660.7067,2.657519,1.651314,1.835313,329.0682
443,19,660.9289,2.636775,1.646907,2.056441,319.1906
443,19,661.1511,2.563442,1.617707,2.277665,316.4208
443,19,661.3734,2.456299,1.638425,2.471305,295.9522
443,19,661.5956,2.359845,1.629679,2.645979,271.5706
443,19,661.8178,2.255129,1.621016,2.830217,249.7983
443,19,662.04,2.086892,1.636425,2.983809,247.4682
443,19,662.2623,1.866047,1.609502,3.085717,257.3625
443,19,662.4844,1.616437,1.641931,3.123749,260.4133
443,19,662.7067,1.368143,1.635436,3.159899,261.5243
443,19,662.9289,1.098614,1.617465,3.192765,254.6139
443,19,663.1511,0.8414871,1.643817,3.174709,241.952
443,19,663.3734,0.6258929,1.602156,3.092952,220.4229
443,19,663.5956,0.4387136,1.608056,2.951008,200.5017
443,19,663.8178,0.2717836,1.620795,2.815956,192.0247
443,19,664.04,0.1106992,1.602,2.664725,186.4384
443,19,664.2623,0.008676849,1.617899,2.472373,186.4745
443,19,664.4844,-0.01738525,1.591158,2.254625,186.3193
443,19,664.7067,0.01587895,1.611527,1.995919,186.8417
443,19,664.9289,0.01362442,1.622754,1.759612,189.2772
443,19,665.1511,-0.08200657,1.589791,1.563467,215.7266
443,19,665.3734,-0.1888337,1.620917,1.385811,236.4149
443,19,665.5956,-0.3036551,1.609774,1.236087,248.5494
443,19,665.8178,-0.4376064,1.594474,1.097089,266.0484
443,19,666.04,-0.5938221,1.608507,1.007989,280.2499
443,19,666.2623,-0.7856165,1.583409,0.9586543,281.4901
443,19,666.4844,-1.01839,1.602893,0.980706,277.1285
443,19,666.7067,-1.228245,1.610346,1.028797,302.1786
443,19,666.9289,-1.418853,1.574389,1.057762,337.008
443,19,667.1511,-1.600016,1.584471,1.078053,7.194112
443,19,667.3734,-1.79261,1.586481,1.118814,7.106993
443,19,667.5956,-1.918076,1.57569,1.159202,5.046096
443,19,667.8178,-1.953909,1.579145,1.164449,23.09997
443,19,668.04,-1.921549,1.575857,1.231615,30.95263
443,19,668.2623,-1.851749,1.577467,1.352929,38.19019
443,19,668.4844,-1.809685,1.58802,1.4552,47.61037
443,19,668.7067,-1.805826,1.605333,1.505249,91.31683
443,19,668.9289,-1.87184,1.613931,1.603405,120.8361
443,19,669.1511,-1.941251,1.6167,1.669526,149.5182
443,19,669.3734,-1.999156,1.610158,1.688532,180.5956
443,19,669.5956,-2.011613,1.602648,1.700366,183.8659
443,21,682.14,-1.683118,1.629664,-3.401037,351.6019
443,21,682.3622,-1.678914,1.629108,-3.397369,352.8827
443,21,682.5845,-1.677435,1.626907,-3.388976,354.1996
443,21,682.8067,-1.676856,1.615924,-3.371089,353.2895
443,21,683.0289,-1.666533,1.597901,-3.350052,355.2469
443,21,683.2511,-1.643139,1.590435,-3.332525,6.642906
443,21,683.4733,-1.591168,1.590181,-3.351727,57.75599
443,21,683.6956,-1.594525,1.592602,-3.338456,59.71081
443,21,683.9178,-1.662977,1.605492,-3.266896,11.63047
443,21,684.14,-1.806198,1.588382,-3.236759,333.6805
443,21,684.3622,-1.991004,1.557736,-3.194917,326.4312
443,21,684.5845,-2.188145,1.576228,-3.085026,338.2133
443,21,684.8067,-2.332483,1.550202,-2.894128,351.0237
443,21,685.0289,-2.414505,1.573966,-2.61018,353.9718
443,21,685.2511,-2.498935,1.593431,-2.332488,359.9263
443,21,685.4733,-2.596411,1.541982,-2.036272,4.600462
443,21,685.6956,-2.666825,1.585677,-1.739636,8.134235
443,21,685.9178,-2.69031,1.557503,-1.443768,8.694395
443,21,686.14,-2.671515,1.583922,-1.122135,9.577127
443,21,686.3622,-2.679913,1.584285,-0.7976018,11.56282
443,21,686.5845,-2.694202,1.563659,-0.4827195,14.7511
443,21,686.8067,-2.672385,1.589037,-0.1859535,18.54363
443,21,687.0289,-2.602592,1.553982,0.108407,24.16791
443,21,687.2511,-2.521088,1.594877,0.3865489,32.15316
443,21,687.4733,-2.457766,1.578301,0.6469808,34.47509
443,21,687.6956,-2.402424,1.583497,0.9224023,24.60313
443,21,687.9178,-2.314942,1.58271,1.170722,11.30667
443,21,688.14,-2.181939,1.565778,1.422063,3.872517
443,21,688.3622,-2.096087,1.587889,1.679332,347.3772
443,21,688.5845,-2.070892,1.558498,1.935645,329.127
443,21,688.8067,-2.053709,1.592512,2.199816,329.9968
443,21,689.0289,-1.92707,1.591578,2.445548,25.96862
443,21,689.2511,-1.779084,1.571895,2.657616,53.36005
443,21,689.4733,-1.626197,1.595882,2.83727,70.98512
443,21,689.6956,-1.446161,1.574253,2.981868,89.92218
443,21,689.9178,-1.241203,1.588094,3.104576,105.361
443,21,690.14,-1.007293,1.575768,3.171928,104.8753
443,21,690.3622,-0.7283013,1.589705,3.176502,101.708
443,21,690.5845,-0.4512523,1.615539,3.201881,95.80809
443,21,690.8067,-0.16629,1.5826,3.237012,97.86282
443,21,691.0289,0.1268693,1.620777,3.264241,100.6788
443,21,691.2511,0.4210564,1.598497,3.242491,101.7549
443,21,691.4733,0.7339114,1.627584,3.187217,102.3827
443,21,691.6956,1.03178,1.639044,3.160274,102.7082
443,21,691.9178,1.331403,1.619275,3.136302,109.7982
443,21,692.14,1.609752,1.64285,3.082543,119.0826
443,21,692.3622,1.876442,1.615764,2.994127,127.7473
443,21,692.5845,2.104986,1.6411,2.876049,139.8473
443,21,692.8067,2.299044,1.633973,2.750829,146.2836
443,21,693.0289,2.468012,1.624281,2.598831,155.5629
443,21,693.2511,2.595454,1.637227,2.402413,161.1737
443,21,693.4733,2.662908,1.621253,2.173032,160.5205
443,21,693.6956,2.71248,1.653488,1.97018,157.0749
443,22,710.1289,-1.84524,1.620183,-3.375338,356.1434
443,22,710.3511,-1.840185,1.622548,-3.377783,357.8833
443,22,710.5734,-1.838136,1.620084,-3.376524,0.7124596
443,22,710.7956,-1.83776,1.617925,-3.365319,0.5414806
443,22,711.0178,-1.834437,1.615393,-3.345166,1.134103
443,22,711.24,-1.836909,1.612632,-3.311629,357.39
443,22,711.4622,-1.885614,1.585489,-3.246891,334.7181
443,22,711.6844,-2.002415,1.558522,-3.150712,326.8741
443,22,711.9067,-2.199941,1.547635,-3.029882,329.7821
443,22,712.1289,-2.38257,1.575952,-2.858177,342.1223
443,22,712.3511,-2.47984,1.551796,-2.641948,350.8286
443,22,712.5734,-2.516262,1.572759,-2.344144,356.5897
443,22,712.7956,-2.56206,1.595436,-2.061764,3.161808
443,22,713.0178,-2.626156,1.551391,-1.762514,4.961264
443,22,713.24,-2.676346,1.593794,-1.455971,8.213852
443,22,713.4622,-2.689863,1.556758,-1.141653,10.00634
443,22,713.6844,-2.682873,1.591228,-0.8121195,11.50512
443,22,713.9067,-2.704414,1.580635,-0.5002963,13.69914
443,22,714.1289,-2.730912,1.566184,-0.1841432,21.95004
443,22,714.3511,-2.689545,1.577034,0.1097988,32.51661
443,22,714.5734,-2.572289,1.562496,0.3785312,40.91842
443,22,714.7956,-2.439818,1.592022,0.6140842,54.34694
443,22,715.0178,-2.313569,1.555928,0.8285793,65.79213
443,22,715.24,-2.148748,1.585384,1.005595,72.03656
443,22,715.4622,-1.946066,1.573721,1.088677,78.84893
443,22,715.6844,-1.680441,1.579718,1.060775,75.50555
443,22,715.9067,-1.414841,1.615562,1.045352,73.88612
443,22,716.1289,-1.153102,1.579201,1.071283,71.1366
443,22,716.3511,-0.8978542,1.595011,1.122547,66.15182
443,22,716.5734,-0.6586958,1.602893,1.150919,56.15544
443,22,716.7956,-0.4149302,1.596132,1.170511,40.39616
443,22,717.0178,-0.2227016,1.61906,1.230307,16.41363
443,22,717.24,-0.06626968,1.605552,1.314554,43.63684
443,22,717.4622,0.0402239,1.606941,1.330586,99.69682
443,22,717.6844,0.1847785,1.598952,1.330702,105.6141
443,22,717.9067,0.3886887,1.606129,1.229505,108.6958
443,22,718.1289,0.5892382,1.628127,1.143899,115.0211
443,22,718.3511,0.7942588,1.601465,1.102708,119.5886
443,22,718.5734,1.007432,1.617,1.079013,125.9401
443,3,733.3289,1.734422,1.682098,3.437426,180.2789
443,3,733.5511,1.731253,1.679793,3.431283,178.8783
443,3,733.7734,1.729149,1.671781,3.420743,176.2751
443,3,733.9955,1.727673,1.657923,3.390507,174.8817
443,3,734.2178,1.722919,1.647935,3.349962,178.906
443,3,734.44,1.710842,1.639949,3.316673,191.4318
443,3,734.6622,1.699528,1.639214,3.304725,204.9856
443,3,734.8845,1.809258,1.626621,3.273748,156.2468
443,3,735.1067,1.945383,1.614728,3.268641,142.8165
443,3,735.3289,2.083406,1.628834,3.240016,156.6682
443,3,735.5511,2.201852,1.642333,3.175971,159.171
443,3,735.7734,2.278407,1.641736,3.084104,155.5721
443,3,735.9955,2.377419,1.664391,3.054646,106.5853
443,3,736.2178,2.367558,1.655928,3.13508,27.61898
443,3,736.44,2.353545,1.643546,3.211461,359.5388
443,3,736.6622,2.346316,1.646105,3.310977,345.5
443,3,736.8845,2.343746,1.650185,3.35186,324.0009
443,3,737.1067,2.307423,1.649985,3.343262,291.9899
443,3,737.3289,2.212427,1.629251,3.327231,274.2626
443,3,737.5511,2.054586,1.612509,3.288227,266.205
443,3,737.7734,1.830805,1.614332,3.216959,263.5132
443,3,737.9955,1.580981,1.620673,3.180089,262.3185
443,3,738.2178,1.314699,1.586598,3.181173,262.3028
443,3,738.44,1.014392,1.629085,3.195961,264.0823
443,3,738.6622,0.7368517,1.614831,3.184368,264.5325
443,3,738.8845,0.4493063,1.61164,3.158596,266.8737
443,3,739.1067,0.1544233,1.62867,3.148901,262.9358
443,3,739.3289,-0.1445703,1.58587,3.173788,262.7496
443,3,739.5511,-0.438595,1.616357,3.167623,260.2934
443,3,739.7734,-0.7166916,1.580024,3.107045,247.1947
443,3,739.9955,-0.9906323,1.594691,2.970893,233.9825
443,3,740.2178,-1.23511,1.591818,2.838396,220.1445
443,3,740.44,-1.486942,1.563542,2.67413,202.9376
443,3,740.6622,-1.690962,1.573941,2.440822,193.1371
443,3,740.8845,-1.813162,1.555082,2.158866,197.2622
443,3,741.1067,-1.927554,1.602761,1.878125,198.3807
443,3,741.3289,-2.067732,1.564802,1.634899,197.355
443,3,741.5511,-2.232898,1.583831,1.386454,189.7988
443,3,741.7734,-2.359435,1.574413,1.122955,186.3902
443,3,741.9955,-2.441211,1.561594,0.8270689,186.5589
443,3,742.2178,-2.508948,1.586682,0.533909,185.784
443,3,742.44,-2.572473,1.546049,0.2297748,182.2077
443,3,742.6622,-2.641606,1.584045,-0.08651771,185.2374
443,3,742.8845,-2.656976,1.567313,-0.3920289,179.552
443,3,743.1067,-2.639328,1.574274,-0.6965381,176.285
443,3,743.3289,-2.648221,1.580885,-1.004805,174.2673
443,3,743.5511,-2.682452,1.561807,-1.305296,172.0374
443,3,743.7734,-2.684373,1.598091,-1.612097,163.5888
443,3,743.9955,-2.643926,1.55225,-1.912532,155.143
443,3,744.2178,-2.563619,1.575099,-2.188612,145.2383
443,3,744.44,-2.481042,1.56161,-2.440786,125.9912
443,3,744.6622,-2.372782,1.538837,-2.672788,94.59496
443,3,744.8845,-2.228958,1.566196,-2.832094,68.73283
443,4,759.7956,1.705912,1.667808,3.331556,174.0069
443,4,760.0178,1.706921,1.667083,3.336844,171.4033
443,4,760.24,1.695427,1.666823,3.337593,177.3244
443,4,760.4622,1.688972,1.660163,3.335667,180.4568
443,4,760.6844,1.687839,1.648284,3.325061,179.7733
443,4,760.9067,1.707343,1.647487,3.290315,165.3924
443,4,761.1289,1.774239,1.630906,3.250113,140.8403
443,4,761.3511,1.886624,1.613139,3.185274,140.7953
443,4,761.5734,2.086381,1.608348,3.106703,150.3807
443,4,761.7956,2.26859,1.627644,2.985841,162.1983
443,4,762.0178,2.388736,1.60051,2.792774,171.4904
443,4,762.24,2.458588,1.625304,2.490064,177.4343
443,4,762.4622,2.537728,1.650901,2.221036,184.1888
443,4,762.6844,2.622825,1.611778,1.943346,193.737
443,4,762.9067,2.693299,1.651615,1.667908,192.3203
443,4,763.1289,2.720855,1.622811,1.351727,187.4619
443,4,763.3511,2.698333,1.639948,1.029563,190.5007
443,4,763.5734,2.708413,1.65468,0.7133738,192.3924
443,4,763.7956,2.72865,1.613061,0.4019752,195.0282
443,4,764.0178,2.697762,1.647219,0.09038576,202.094
443,4,764.24,2.608641,1.606367,-0.1925668,210.7824
443,4,764.4622,2.483963,1.642139,-0.4477554,224.7406
443,4,764.6844,2.379286,1.627797,-0.6829298,222.7571
443,4,764.9067,2.297931,1.618352,-0.9470814,190.9178
443,4,765.1289,2.181461,1.631269,-1.18691,179.6813
443,4,765.3511,2.056171,1.596456,-1.427299,168.8191
443,4,765.5734,1.978357,1.623019,-1.674243,149.6684
443,4,765.7956,1.941938,1.604168,-1.926844,153.4168
443,4,766.0178,1.907547,1.613722,-2.190297,196.5948
443,4,766.24,1.850045,1.621683,-2.400953,230.2168
443,4,766.4622,1.72764,1.591505,-2.581777,245.1524
443,4,766.6844,1.57313,1.607169,-2.734202,267.0245
443,4,766.9067,1.39071,1.593839,-2.866628,284.309
443,4,767.1289,1.202265,1.587931,-2.961989,303.8316
443,4,767.3511,0.9878112,1.603518,-2.991793,301.3942
443,4,767.5734,0.7314531,1.580085,-2.961997,288.7533
443,4,767.7956,0.4744344,1.626543,-2.918916,285.2265
443,4,768.0178,0.2289516,1.604311,-2.913922,285.8699
443,4,768.24,-0.02395019,1.587291,-2.92443,292.3362
443,4,768.4622,-0.2663449,1.610612,-2.874814,308.7543
443,4,768.6844,-0.4577882,1.580402,-2.762484,322.1852
443,4,768.9067,-0.6123764,1.606449,-2.606117,334.6547
443,4,769.1289,-0.7130742,1.596749,-2.450859,344.0229
443,4,769.3511,-0.8015527,1.578608,-2.276911,355.7794
443,4,769.5734,-0.860988,1.605835,-2.080589,5.315406
443,4,769.7956,-0.852021,1.592836,-1.887069,10.24539
443,4,770.0178,-0.7664961,1.599533,-1.668011,14.02914
443,4,770.24,-0.6814235,1.617023,-1.459846,19.40342
443,4,770.4622,-0.598452,1.591725,-1.252308,21.57365
443,4,770.6844,-0.5094323,1.608151,-1.041318,19.15946
443,4,770.9067,-0.3905662,1.602365,-0.8436526,12.63143
443,4,771.1289,-0.2533665,1.589263,-0.6381186,359.5314
443,4,771.3511,-0.1574249,1.607372,-0.4394452,339.2228
443,4,771.5734,-0.120859,1.588832,-0.2620689,328.7019
443,4,771.7956,-0.1051627,1.597028,-0.06506687,344.186
443,4,772.0178,-0.05107254,1.616612,0.1376331,17.80073
443,4,772.24,0.006512986,1.589896,0.3267975,52.24773
443,4,772.4622,0.05444992,1.598528,0.5509374,51.28072
443,4,772.6844,0.09300194,1.607806,0.7143486,76.82368
443,4,772.9067,0.09167335,1.59408,0.867461,88.98956
443,4,773.1289,0.06149384,1.606277,1.059202,68.94034
443,4,773.3511,-0.04729037,1.619914,1.260898,342.481
443,4,773.5734,-0.07286692,1.601687,1.320062,273.8515
443,4,773.7956,-0.02772569,1.61195,1.417328,251.4936
443,4,774.0178,-0.006479789,1.615677,1.52866,256.6462
443,4,774.24,0.01161016,1.612118,1.681415,295.7776
443,4,774.4622,0.03320354,1.605889,1.817686,337.5109
443,4,774.6844,-0.01144874,1.593255,1.941188,343.8286
443,4,774.9067,-0.08487559,1.602461,2.09498,334.7131
443,4,775.1289,-0.1393327,1.600597,2.27054,319.3642
443,4,775.3511,-0.1638035,1.578835,2.453032,298.8534
443,4,775.5734,-0.1870066,1.607579,2.628886,269.0352
443,4,775.7956,-0.2539062,1.603309,2.765771,252.4567
443,4,776.0178,-0.3936917,1.585652,2.868762,257.9619
443,4,776.24,-0.5832239,1.597036,2.918525,264.3566
443,4,776.4622,-0.7897122,1.610339,2.973574,264.0464
443,4,776.6844,-1.013186,1.587303,3.040308,262.6334
443,4,776.9067,-1.220086,1.606507,3.061471,244.5405
443,4,777.1289,-1.357575,1.594865,2.986079,210.2078
443,4,777.3511,-1.479751,1.573087,2.85685,197.3805
443,4,777.5734,-1.585061,1.584233,2.680681,193.3298
443,4,777.7956,-1.666491,1.585176,2.50867,174.9781
443,4,778.0178,-1.808751,1.567912,2.331818,184.0136
443,4,778.24,-1.951618,1.590891,2.146661,195.7259
443,4,778.4622,-2.033897,1.582273,1.947987,198.0515
443,4,778.6844,-2.095398,1.562556,1.735461,206.4681
443,4,778.9067,-2.154307,1.59156,1.518715,192.1687
443,4,779.1289,-2.264388,1.566678,1.330584,189.8415
443,4,779.3511,-2.400576,1.578968,1.149182,178.2995
443,4,779.5734,-2.491568,1.588286,0.9688231,167.3625
443,4,779.7956,-2.559333,1.558931,0.7724642,176.6363
443,4,780.0178,-2.581975,1.583067,0.5592726,181.4568
443,4,780.24,-2.60182,1.589995,0.3438958,173.3844
443,4,780.4622,-2.651293,1.567159,0.1159179,180.321
443,4,780.6844,-2.653376,1.592163,-0.1086408,162.8372
443,4,780.9067,-2.592041,1.579891,-0.295324,134.2762
443,4,781.1289,-2.487481,1.567655,-0.4775285,125.3219
443,4,781.3511,-2.371677,1.581865,-0.6281518,115.395
443,4,781.5734,-2.253683,1.571821,-0.753324,98.34771
443,4,781.7956,-2.124373,1.580036,-0.8864236,83.52847
443,4,782.0178,-1.9576,1.588668,-0.9869034,89.13777
443,4,782.24,-1.770983,1.570147,-1.026176,110.5325
443,4,782.4622,-1.56497,1.590898,-1.019975,128.7502
443,4,782.6844,-1.377331,1.585341,-1.053715,147.687
443,4,782.9067,-1.199706,1.566924,-1.116204,160.6696
443,4,783.1289,-1.03224,1.587614,-1.158608,166.7229
443,4,783.3511,-0.7977621,1.585402,-1.126403,123.0889
443,4,783.5734,-0.6032993,1.57431,-1.031249,72.8243
443,4,783.7956,-0.4249669,1.599162,-0.9721308,50.6184
443,4,784.0178,-0.2141021,1.603227,-0.9844873,58.39616
443,4,784.24,0.01463396,1.59638,-1.034684,70.89175
443,4,784.4622,0.2358978,1.626233,-1.062107,75.4276
443,4,784.6844,0.4402849,1.614545,-1.056198,75.02203
443,4,784.9067,0.637967,1.597328,-1.015341,73.25033
443,4,785.1289,0.8139586,1.616681,-0.984571,68.30484
